--
-- PostgreSQL database dump
--

-- Dumped from database version 16.9
-- Dumped by pg_dump version 16.9

SET statement_timeout = 0;
SET lock_timeout = 0;
SET idle_in_transaction_session_timeout = 0;
SET client_encoding = 'UTF8';
SET standard_conforming_strings = on;
SELECT pg_catalog.set_config('search_path', '', false);
SET check_function_bodies = false;
SET xmloption = content;
SET client_min_messages = warning;
SET row_security = off;

--
-- Name: drizzle; Type: SCHEMA; Schema: -; Owner: neondb_owner
--

CREATE SCHEMA drizzle;


ALTER SCHEMA drizzle OWNER TO neondb_owner;

--
-- Name: invitation_status; Type: TYPE; Schema: public; Owner: neondb_owner
--

CREATE TYPE public.invitation_status AS ENUM (
    'pending',
    'used',
    'expired',
    'cancelled'
);


ALTER TYPE public.invitation_status OWNER TO neondb_owner;

--
-- Name: user_role; Type: TYPE; Schema: public; Owner: neondb_owner
--

CREATE TYPE public.user_role AS ENUM (
    'super_admin',
    'admin',
    'manager',
    'employee'
);


ALTER TYPE public.user_role OWNER TO neondb_owner;

SET default_tablespace = '';

SET default_table_access_method = heap;

--
-- Name: __drizzle_migrations; Type: TABLE; Schema: drizzle; Owner: neondb_owner
--

CREATE TABLE drizzle.__drizzle_migrations (
    id integer NOT NULL,
    hash text NOT NULL,
    created_at bigint
);


ALTER TABLE drizzle.__drizzle_migrations OWNER TO neondb_owner;

--
-- Name: __drizzle_migrations_id_seq; Type: SEQUENCE; Schema: drizzle; Owner: neondb_owner
--

CREATE SEQUENCE drizzle.__drizzle_migrations_id_seq
    AS integer
    START WITH 1
    INCREMENT BY 1
    NO MINVALUE
    NO MAXVALUE
    CACHE 1;


ALTER SEQUENCE drizzle.__drizzle_migrations_id_seq OWNER TO neondb_owner;

--
-- Name: __drizzle_migrations_id_seq; Type: SEQUENCE OWNED BY; Schema: drizzle; Owner: neondb_owner
--

ALTER SEQUENCE drizzle.__drizzle_migrations_id_seq OWNED BY drizzle.__drizzle_migrations.id;


--
-- Name: companies; Type: TABLE; Schema: public; Owner: neondb_owner
--

CREATE TABLE public.companies (
    id uuid DEFAULT gen_random_uuid() NOT NULL,
    name text NOT NULL,
    domain text,
    created_at timestamp without time zone DEFAULT now() NOT NULL,
    updated_at timestamp without time zone DEFAULT now() NOT NULL
);


ALTER TABLE public.companies OWNER TO neondb_owner;

--
-- Name: company_subscriptions; Type: TABLE; Schema: public; Owner: neondb_owner
--

CREATE TABLE public.company_subscriptions (
    id uuid DEFAULT gen_random_uuid() NOT NULL,
    company_id uuid NOT NULL,
    plan_type text DEFAULT 'basic'::text NOT NULL,
    status text DEFAULT 'active'::text NOT NULL,
    max_users integer DEFAULT 10 NOT NULL,
    current_users integer DEFAULT 0 NOT NULL,
    subscription_start timestamp without time zone DEFAULT now() NOT NULL,
    subscription_end timestamp without time zone,
    stripe_customer_id text,
    stripe_subscription_id text,
    created_at timestamp without time zone DEFAULT now() NOT NULL,
    updated_at timestamp without time zone DEFAULT now() NOT NULL
);


ALTER TABLE public.company_subscriptions OWNER TO neondb_owner;

--
-- Name: departments; Type: TABLE; Schema: public; Owner: neondb_owner
--

CREATE TABLE public.departments (
    id uuid DEFAULT gen_random_uuid() NOT NULL,
    name text NOT NULL,
    company_id uuid NOT NULL,
    created_at timestamp without time zone DEFAULT now() NOT NULL,
    updated_at timestamp without time zone DEFAULT now() NOT NULL
);


ALTER TABLE public.departments OWNER TO neondb_owner;

--
-- Name: habit_completions; Type: TABLE; Schema: public; Owner: neondb_owner
--

CREATE TABLE public.habit_completions (
    id uuid DEFAULT gen_random_uuid() NOT NULL,
    habit_id uuid NOT NULL,
    user_id uuid NOT NULL,
    completion_date timestamp without time zone NOT NULL,
    status boolean DEFAULT true NOT NULL,
    created_at timestamp without time zone DEFAULT now() NOT NULL
);


ALTER TABLE public.habit_completions OWNER TO neondb_owner;

--
-- Name: habits; Type: TABLE; Schema: public; Owner: neondb_owner
--

CREATE TABLE public.habits (
    id uuid DEFAULT gen_random_uuid() NOT NULL,
    name text NOT NULL,
    description text,
    color text DEFAULT '#3B82F6'::text NOT NULL,
    total_days integer DEFAULT 21 NOT NULL,
    user_id uuid NOT NULL,
    company_id uuid NOT NULL,
    department_id uuid,
    is_active boolean DEFAULT true NOT NULL,
    created_at timestamp without time zone DEFAULT now() NOT NULL,
    updated_at timestamp without time zone DEFAULT now() NOT NULL
);


ALTER TABLE public.habits OWNER TO neondb_owner;

--
-- Name: pending_invitations; Type: TABLE; Schema: public; Owner: neondb_owner
--

CREATE TABLE public.pending_invitations (
    id uuid DEFAULT gen_random_uuid() NOT NULL,
    invitation_code text NOT NULL,
    email text NOT NULL,
    full_name text NOT NULL,
    role public.user_role DEFAULT 'employee'::public.user_role NOT NULL,
    company_id uuid NOT NULL,
    department_id uuid,
    manager_id uuid,
    invited_by uuid NOT NULL,
    is_used boolean DEFAULT false,
    expires_at timestamp without time zone NOT NULL,
    created_at timestamp without time zone DEFAULT now() NOT NULL,
    updated_at timestamp without time zone DEFAULT now() NOT NULL,
    used_at timestamp without time zone,
    used_by uuid,
    status public.invitation_status DEFAULT 'pending'::public.invitation_status NOT NULL
);


ALTER TABLE public.pending_invitations OWNER TO neondb_owner;

--
-- Name: sessions; Type: TABLE; Schema: public; Owner: neondb_owner
--

CREATE TABLE public.sessions (
    id text NOT NULL,
    user_id uuid NOT NULL,
    expires_at timestamp without time zone NOT NULL,
    created_at timestamp without time zone DEFAULT now() NOT NULL
);


ALTER TABLE public.sessions OWNER TO neondb_owner;

--
-- Name: users; Type: TABLE; Schema: public; Owner: neondb_owner
--

CREATE TABLE public.users (
    id uuid DEFAULT gen_random_uuid() NOT NULL,
    email text NOT NULL,
    password_hash text NOT NULL,
    role public.user_role DEFAULT 'employee'::public.user_role NOT NULL,
    company_id uuid,
    department_id uuid,
    manager_id uuid,
    is_active boolean DEFAULT true NOT NULL,
    created_at timestamp without time zone DEFAULT now() NOT NULL,
    updated_at timestamp without time zone DEFAULT now() NOT NULL,
    avatar text,
    deleted_at timestamp without time zone,
    first_name text NOT NULL,
    last_name text NOT NULL
);


ALTER TABLE public.users OWNER TO neondb_owner;

--
-- Name: __drizzle_migrations id; Type: DEFAULT; Schema: drizzle; Owner: neondb_owner
--

ALTER TABLE ONLY drizzle.__drizzle_migrations ALTER COLUMN id SET DEFAULT nextval('drizzle.__drizzle_migrations_id_seq'::regclass);


--
-- Data for Name: __drizzle_migrations; Type: TABLE DATA; Schema: drizzle; Owner: neondb_owner
--

COPY drizzle.__drizzle_migrations (id, hash, created_at) FROM stdin;
1	619486730fd6a32f3cb1741bc0d44b7abac864ef72947973b74236763e08225f	1750434948130
\.


--
-- Data for Name: companies; Type: TABLE DATA; Schema: public; Owner: neondb_owner
--

COPY public.companies (id, name, domain, created_at, updated_at) FROM stdin;
550e8400-e29b-41d4-a716-446655440000	Demo Company Inc	\N	2025-06-20 22:10:19.722791	2025-06-20 22:10:19.722791
f088f945-7ddf-428d-8f00-85047d9bd8c2	Test Company Ltd	testcompany.com	2025-06-23 13:00:19.26687	2025-06-23 13:00:19.26687
\.


--
-- Data for Name: company_subscriptions; Type: TABLE DATA; Schema: public; Owner: neondb_owner
--

COPY public.company_subscriptions (id, company_id, plan_type, status, max_users, current_users, subscription_start, subscription_end, stripe_customer_id, stripe_subscription_id, created_at, updated_at) FROM stdin;
4e666601-e9fb-4915-99be-78f5799f3666	550e8400-e29b-41d4-a716-446655440000	premium	active	50	0	2025-06-20 22:10:19.722791	2025-12-31 23:59:59	\N	\N	2025-06-20 22:10:19.722791	2025-06-20 22:10:19.722791
4d2baab8-19bb-4916-b8d5-025e393a436c	f088f945-7ddf-428d-8f00-85047d9bd8c2	premium	active	50	1	2025-06-23 13:00:24.645605	\N	\N	\N	2025-06-23 13:00:24.645605	2025-06-23 13:00:24.645605
\.


--
-- Data for Name: departments; Type: TABLE DATA; Schema: public; Owner: neondb_owner
--

COPY public.departments (id, name, company_id, created_at, updated_at) FROM stdin;
550e8400-e29b-41d4-a716-446655440001	Engineering	550e8400-e29b-41d4-a716-446655440000	2025-06-20 22:10:19.722791	2025-06-20 22:10:19.722791
11111111-1111-1111-1111-111111111111	Engineering	f088f945-7ddf-428d-8f00-85047d9bd8c2	2025-06-23 17:46:06.67361	2025-06-23 17:46:06.67361
22222222-2222-2222-2222-222222222222	Marketing	f088f945-7ddf-428d-8f00-85047d9bd8c2	2025-06-23 17:46:06.67361	2025-06-23 17:46:06.67361
33333333-3333-3333-3333-333333333333	Sales	f088f945-7ddf-428d-8f00-85047d9bd8c2	2025-06-23 17:46:06.67361	2025-06-23 17:46:06.67361
44444444-4444-4444-4444-444444444444	Human Resources	f088f945-7ddf-428d-8f00-85047d9bd8c2	2025-06-23 17:46:06.67361	2025-06-23 17:46:06.67361
\.


--
-- Data for Name: habit_completions; Type: TABLE DATA; Schema: public; Owner: neondb_owner
--

COPY public.habit_completions (id, habit_id, user_id, completion_date, status, created_at) FROM stdin;
35609ecc-b8bb-4f39-8e19-11349e63d844	2d12adfb-a90c-4860-b7cd-51a5457c0baa	adcf03a1-d4c8-4fcb-8f39-09207e70981e	2025-07-15 00:00:00	t	2025-07-16 11:49:32.558247
ce213064-43d4-4d93-b21d-85749271c403	2d12adfb-a90c-4860-b7cd-51a5457c0baa	adcf03a1-d4c8-4fcb-8f39-09207e70981e	2025-07-14 00:00:00	t	2025-07-16 11:49:56.851572
c695a3e0-09b7-4e16-a9d2-c18a75f4649a	eccdb48a-9ca0-4616-9eab-e3639e71dee0	adcf03a1-d4c8-4fcb-8f39-09207e70981e	2025-07-16 00:00:00	t	2025-07-16 11:51:08.275119
a94229fe-4242-49a7-aa7f-2c1be9e0c8c0	276841d1-9749-4cd6-a985-d9d5a29abd2a	6d253a31-94c5-4a04-9172-0774e3b0b933	2025-07-16 00:00:00	t	2025-07-16 11:52:51.234499
5d372c3a-6385-425e-b947-efea31274903	2b82239f-7327-4727-80df-5bdebaf8370b	6d253a31-94c5-4a04-9172-0774e3b0b933	2025-07-16 00:00:00	t	2025-07-16 11:59:41.040795
\.


--
-- Data for Name: habits; Type: TABLE DATA; Schema: public; Owner: neondb_owner
--

COPY public.habits (id, name, description, color, total_days, user_id, company_id, department_id, is_active, created_at, updated_at) FROM stdin;
00bdf110-b07d-4dde-bcc2-61ddf3966364	eat breakfast	eat egg	#F93C2D	20	adcf03a1-d4c8-4fcb-8f39-09207e70981e	f088f945-7ddf-428d-8f00-85047d9bd8c2	\N	f	2025-07-16 11:33:14.605067	2025-07-16 11:33:51.966
eccdb48a-9ca0-4616-9eab-e3639e71dee0	stretch for 10 min	in the morning	#EDBF33	30	adcf03a1-d4c8-4fcb-8f39-09207e70981e	f088f945-7ddf-428d-8f00-85047d9bd8c2	\N	t	2025-07-16 11:50:43.416932	2025-07-16 11:50:43.416932
2d12adfb-a90c-4860-b7cd-51a5457c0baa	Journal for 5 minutes	Reflect on your day and thoughts	#f1c40f	30	adcf03a1-d4c8-4fcb-8f39-09207e70981e	f088f945-7ddf-428d-8f00-85047d9bd8c2	\N	f	2025-07-16 11:48:59.935938	2025-07-16 11:51:36.742
276841d1-9749-4cd6-a985-d9d5a29abd2a	dance	\N	#EA5545	30	6d253a31-94c5-4a04-9172-0774e3b0b933	f088f945-7ddf-428d-8f00-85047d9bd8c2	11111111-1111-1111-1111-111111111111	t	2025-07-16 11:52:48.493839	2025-07-16 11:52:48.493839
2b82239f-7327-4727-80df-5bdebaf8370b	Meditate	Practice mindfulness and reduce stress	#1abc9c	30	6d253a31-94c5-4a04-9172-0774e3b0b933	f088f945-7ddf-428d-8f00-85047d9bd8c2	11111111-1111-1111-1111-111111111111	t	2025-07-16 11:59:32.381117	2025-07-16 11:59:32.381117
\.


--
-- Data for Name: pending_invitations; Type: TABLE DATA; Schema: public; Owner: neondb_owner
--

COPY public.pending_invitations (id, invitation_code, email, full_name, role, company_id, department_id, manager_id, invited_by, is_used, expires_at, created_at, updated_at, used_at, used_by, status) FROM stdin;
b6ff7207-02a3-4339-9086-343cefa96a3b	BCBEF09C693224FA5B5C090AB8A8880E	androboric@hotmail.com	androboric	employee	f088f945-7ddf-428d-8f00-85047d9bd8c2	\N	\N	adcf03a1-d4c8-4fcb-8f39-09207e70981e	f	2025-07-31 15:34:53.216	2025-07-24 15:34:53.216	2025-07-24 15:46:40.54	\N	\N	cancelled
558528b6-230f-4404-904b-3865d1bc6753	BD8AD91E8F8C435F13D46E7F27F2EDAD	shakil@alphahealth.one	shakil	employee	f088f945-7ddf-428d-8f00-85047d9bd8c2	\N	\N	adcf03a1-d4c8-4fcb-8f39-09207e70981e	t	2025-07-31 15:51:11.623	2025-07-24 15:51:11.623	2025-07-24 16:10:25.156	2025-07-24 16:10:25.156	48e0fafc-163b-40ed-96f9-2b6f1a600a99	used
24596299-3a54-47e8-a8ad-0912647e7dca	F9C91536812C4195BD0DDCAA0A9C612F	androboric@hotmail.com	androboric	employee	f088f945-7ddf-428d-8f00-85047d9bd8c2	\N	\N	adcf03a1-d4c8-4fcb-8f39-09207e70981e	f	2025-07-31 15:48:31.854	2025-07-24 15:48:31.855	2025-08-01 08:57:29.162	\N	\N	expired
7b015060-8538-4922-ac33-cf57ece1c69e	020162547F59A648611F920CDBD568F8	cache.test@example.com	cache.test	employee	f088f945-7ddf-428d-8f00-85047d9bd8c2	\N	\N	adcf03a1-d4c8-4fcb-8f39-09207e70981e	f	2025-07-30 05:41:30.603	2025-07-23 05:41:30.603	2025-07-23 05:42:04.099	\N	\N	cancelled
72a143d8-1bec-41c0-a844-f545b57e060d	03F9426B699BC93BA0C0856726BF1F64	lifecycle.test@example.com	lifecycle.test	employee	f088f945-7ddf-428d-8f00-85047d9bd8c2	\N	\N	adcf03a1-d4c8-4fcb-8f39-09207e70981e	t	2025-07-30 06:03:31.595	2025-07-23 06:03:31.596	2025-07-23 06:03:43.762	2025-07-23 06:03:43.762	21df4ed3-4e87-4cf0-ac47-c031030bc324	used
6f1877d2-0b54-4e88-a6db-2b9fb04a6038	52A0C3B1A55B16CA8F278FA1EC48605E	androboric@gmail.com	androboric	employee	f088f945-7ddf-428d-8f00-85047d9bd8c2	\N	\N	adcf03a1-d4c8-4fcb-8f39-09207e70981e	t	2025-07-31 15:20:00.684	2025-07-24 15:20:00.684	2025-07-24 15:21:37.309	2025-07-24 15:21:37.309	c3f51f7d-697a-47a9-9c20-6e1fe851503d	used
\.


--
-- Data for Name: sessions; Type: TABLE DATA; Schema: public; Owner: neondb_owner
--

COPY public.sessions (id, user_id, expires_at, created_at) FROM stdin;
9269f4ad422d5d7f8b4140641d9de2d71b04e0d38f2234ac08b590a6db56b906	adcf03a1-d4c8-4fcb-8f39-09207e70981e	2025-06-24 13:02:38.534	2025-06-23 13:02:38.601458
cd1e6796b0acda63df6ed218d8b6985edd371339a4954cc5bf26b5c39835d3d9	adcf03a1-d4c8-4fcb-8f39-09207e70981e	2025-06-24 13:02:43.873	2025-06-23 13:02:44.012962
4d1019519eecbb3254998b12f05ea4394c0eea84e2b53ec87c143e9d554b6e30	adcf03a1-d4c8-4fcb-8f39-09207e70981e	2025-06-24 13:03:15.194	2025-06-23 13:03:15.229705
e055c516c710485308fdd43b7b4fa0f91057080fd0e5699c163c8a4a07b68142	adcf03a1-d4c8-4fcb-8f39-09207e70981e	2025-06-24 15:26:08.022	2025-06-23 15:26:08.05657
16f66e6fda337f069d8c1062be9075f7aa04fda313da3cf382c4add70552b18b	2d25094e-2495-43c4-bf9e-dc4e0265d2f3	2025-06-24 15:26:14.026	2025-06-23 15:26:14.060485
32e1c91741d5eaf0d66b3bc59b99084faed652c41bcb58c4858453fc9a702c44	adcf03a1-d4c8-4fcb-8f39-09207e70981e	2025-06-24 15:26:42.58	2025-06-23 15:26:42.615057
3d59c602eecd1c194074972c22bf21207eb715f2cba854b770cb00e8fb0604f4	9152be8f-f1dc-4ef8-a3f5-0984e9e0ee5d	2025-06-24 15:26:51.091	2025-06-23 15:26:51.126122
581e543e7c5a13a0183df5aa549984d86e6d7f26e83170e8292d97549c57851d	adcf03a1-d4c8-4fcb-8f39-09207e70981e	2025-06-24 16:03:57.435	2025-06-23 16:03:57.471206
b630707e3b7b4d8abeacd492269f378c8f51e6f9efe2ee590d45daf5dd9e401f	adcf03a1-d4c8-4fcb-8f39-09207e70981e	2025-06-24 16:04:04.416	2025-06-23 16:04:04.451244
85eac79ee8bc58da19ec5c2c4c432bc700e1832ae5307b97e5c1b708b35e08a6	adcf03a1-d4c8-4fcb-8f39-09207e70981e	2025-06-24 16:34:28.701	2025-06-23 16:34:28.736207
5b9899695b7d03aaa6c3e77b13631a56a782f437a280c32baecdfadaee87f54c	adcf03a1-d4c8-4fcb-8f39-09207e70981e	2025-06-24 16:34:38.973	2025-06-23 16:34:39.00805
0f9176f1e6cd33a3e7dd995495b79a1280e84cac0ea6c724191f3089a72f228d	adcf03a1-d4c8-4fcb-8f39-09207e70981e	2025-06-24 17:12:07.275	2025-06-23 17:12:07.310897
c9ea7a4519086cb75466c3153978f36ec88dd778ce4d805ecc1ac69042cbe6c3	adcf03a1-d4c8-4fcb-8f39-09207e70981e	2025-06-24 17:13:26.915	2025-06-23 17:13:26.950287
d8a0b3c955f4f40ff11b0ce65a5224ac4aff6bfb37f983ae90ab7199a6581e19	adcf03a1-d4c8-4fcb-8f39-09207e70981e	2025-06-24 17:15:30.978	2025-06-23 17:15:31.013745
a88dba6c93cf642cae24bcf633666d1319ed98ced37482f945826005883be9d7	adcf03a1-d4c8-4fcb-8f39-09207e70981e	2025-06-24 17:32:12.735	2025-06-23 17:32:12.770443
85eca9be111b81988ec76af77f540422fea3573dbb3492c84bf739d3ed0f59e1	adcf03a1-d4c8-4fcb-8f39-09207e70981e	2025-06-24 17:34:52.735	2025-06-23 17:34:52.770852
3f1bad48b1f97520f5648928d5f9b1e4e6504af9c0d680423ca37dbb9bba1b8e	adcf03a1-d4c8-4fcb-8f39-09207e70981e	2025-06-24 17:40:12.501	2025-06-23 17:40:12.536132
0ed632b7a6c0d273b53e38766574bea2fb069dc820f5a2ea6e98b36d019944af	adcf03a1-d4c8-4fcb-8f39-09207e70981e	2025-06-24 17:40:49.638	2025-06-23 17:40:49.673499
b9a800aa5b9a637066cdaf2c22e6a71edc918c3ad90aea7679283a66718d6bf1	adcf03a1-d4c8-4fcb-8f39-09207e70981e	2025-06-24 17:46:23.205	2025-06-23 17:46:23.240065
82fd0af0345e7d03271bd05efe7bf224a063fc76a82cf941c6799a0140a9990e	adcf03a1-d4c8-4fcb-8f39-09207e70981e	2025-06-24 17:46:45.399	2025-06-23 17:46:45.434542
c08da928ebceb10711a7a554e78d1f94d8c5e5a037fcbf3911997b63500504cc	adcf03a1-d4c8-4fcb-8f39-09207e70981e	2025-06-24 17:47:10.582	2025-06-23 17:47:10.616646
3fb62d869ae4dd1694a4f952dad6344c7f41eb619ddb98da4a961115198fe4ba	adcf03a1-d4c8-4fcb-8f39-09207e70981e	2025-06-25 06:04:06.656	2025-06-24 06:04:06.691111
3088e0755cdb140af96fdd9b8a61872d0ee0de69ea79802069b4bd51d21d0f76	adcf03a1-d4c8-4fcb-8f39-09207e70981e	2025-06-25 06:07:10.089	2025-06-24 06:07:10.123191
6f09f55c4ae93a5ef3d99e0f834d4a0a7649336738b6188cf0b14caaaca3b206	adcf03a1-d4c8-4fcb-8f39-09207e70981e	2025-06-25 06:38:56.199	2025-06-24 06:38:56.234563
53ef2ab57de0ee77382a246c1d00d43f3ec504b8dd865b7d36698e6b32612697	adcf03a1-d4c8-4fcb-8f39-09207e70981e	2025-06-25 06:39:00.619	2025-06-24 06:39:00.653812
49a60bbc3a8b17c42ae7be756f33090bb1401f6453b0eeae57b98224aa9f1fa7	adcf03a1-d4c8-4fcb-8f39-09207e70981e	2025-06-25 06:41:43.331	2025-06-24 06:41:43.365905
eb0ab019adfe72012ba3901315617c25e685bb7f01b2a1198fca28e67321c1cd	adcf03a1-d4c8-4fcb-8f39-09207e70981e	2025-06-25 06:41:53.251	2025-06-24 06:41:53.285441
6e7b001e4248225be6a776438e8fee03f0c0838015e304a72f2b3463678f892a	adcf03a1-d4c8-4fcb-8f39-09207e70981e	2025-06-25 10:04:14.692	2025-06-24 10:04:14.728118
5476cd180437f0451ffdc9998f3e4b5847fa451cfa8deef9d9bdac581030f9ca	adcf03a1-d4c8-4fcb-8f39-09207e70981e	2025-06-25 10:21:23.107	2025-06-24 10:21:23.141809
d78897b65892da18fc609e0f11c1aa41c7ad1ccbbd605cd9626358d832f407b5	adcf03a1-d4c8-4fcb-8f39-09207e70981e	2025-06-25 10:23:00.552	2025-06-24 10:23:00.587886
57bfb7e99c483080770e4268a8c7f61ffd14bc31ac473636c54815ee239442bb	adcf03a1-d4c8-4fcb-8f39-09207e70981e	2025-06-25 10:54:09.214	2025-06-24 10:54:09.249855
fa6fa02b9346177d65181dac3a9eec261ed3470491bf960d3735c3629da28a8a	adcf03a1-d4c8-4fcb-8f39-09207e70981e	2025-06-25 11:01:14.747	2025-06-24 11:01:14.783101
fe2b554f51c7f2cfde419f3a987836eb91eca3da45b2e332e50861b9b7900141	adcf03a1-d4c8-4fcb-8f39-09207e70981e	2025-06-25 11:17:03.466	2025-06-24 11:17:03.501272
748b333a25ba2ff53a19dd75ea16977b6ebec11ca6ec11b0a01838ed08ae534f	adcf03a1-d4c8-4fcb-8f39-09207e70981e	2025-06-25 11:19:35.442	2025-06-24 11:19:35.476787
c661f49a9cdf41c6542d0530fb783d733724aa52b9d1b191d4b772059f5a6bcb	adcf03a1-d4c8-4fcb-8f39-09207e70981e	2025-06-25 11:27:31.427	2025-06-24 11:27:31.462632
07c00c6b4832d8d6506002b6f2b1854ef74e2736d154869963a3bda85008eaab	adcf03a1-d4c8-4fcb-8f39-09207e70981e	2025-06-25 11:37:12.226	2025-06-24 11:37:12.261593
a671bf46fe41ee2a6d155466562a389c6d016702de2adffb66bc52817b7ae84d	adcf03a1-d4c8-4fcb-8f39-09207e70981e	2025-06-25 11:38:53.394	2025-06-24 11:38:53.42984
0ed6dd0f2cc78cb4112a01ee225252e2271f10ab676def4014087eeba2675b91	adcf03a1-d4c8-4fcb-8f39-09207e70981e	2025-06-25 11:59:13.618	2025-06-24 11:59:13.653239
fe02ba2a84e3d9b5f2f6aeb2c6951cc6c85abb8849b388f3e7e5bd38b0a10646	adcf03a1-d4c8-4fcb-8f39-09207e70981e	2025-06-25 12:27:36.936	2025-06-24 12:27:36.971203
eaabe5d25e98d22d9d3515d828d484c2dfb4d5940c2b097053873632e640cc24	adcf03a1-d4c8-4fcb-8f39-09207e70981e	2025-06-25 12:38:22.789	2025-06-24 12:38:22.824871
f0607a76a840365eaf9a7aa12e702dac54480e5aa2721f63f22555cfb401fb52	adcf03a1-d4c8-4fcb-8f39-09207e70981e	2025-06-25 12:39:29.765	2025-06-24 12:39:29.800814
9ff892d2f719e569b2a518e3ca4c2905af3329e90de2b0d529cb290dd9ecf066	adcf03a1-d4c8-4fcb-8f39-09207e70981e	2025-06-25 12:41:24.468	2025-06-24 12:41:24.503534
65c99ee0aea5b0c12974253317c916759fee108d96c10be395b968b7c1157e7d	adcf03a1-d4c8-4fcb-8f39-09207e70981e	2025-06-25 12:41:56.436	2025-06-24 12:41:56.471202
a614393584dc30cf8ab95baea45a1680debb1be2012bb5b3e972d5f813a0132e	adcf03a1-d4c8-4fcb-8f39-09207e70981e	2025-06-25 12:42:35.273	2025-06-24 12:42:35.307644
825d503997e520229de548ed5e93451c24587707f93d5c755161bc7653b45695	adcf03a1-d4c8-4fcb-8f39-09207e70981e	2025-06-25 12:44:02.872	2025-06-24 12:44:02.907369
845f78fb9647f85a498be0dd0e46cc041ea431693d95bba1d81589f7470fdc7d	adcf03a1-d4c8-4fcb-8f39-09207e70981e	2025-06-25 12:45:32.006	2025-06-24 12:45:32.048606
0cf38a9e37b0a159d390663957d1515d216eb0fe5325f0d57024cd7a41050d47	adcf03a1-d4c8-4fcb-8f39-09207e70981e	2025-06-25 12:48:53.298	2025-06-24 12:48:53.332718
50ebc7e8b6b33556146726424701f40d759e628479df34911ca9a3da5d9d3aef	adcf03a1-d4c8-4fcb-8f39-09207e70981e	2025-06-25 12:50:39.668	2025-06-24 12:50:39.708242
0c8524705d0f1e1ef3ac3af83b1067dd4c1f9bdcc3741ce396423ed1c215cb10	adcf03a1-d4c8-4fcb-8f39-09207e70981e	2025-06-25 12:52:23.917	2025-06-24 12:52:23.953277
c558effcceedbae060224465b60d587646c68e07a9b60395af8d5c46d10c2678	adcf03a1-d4c8-4fcb-8f39-09207e70981e	2025-06-25 13:52:04.455	2025-06-24 13:52:04.490646
b8a3b3aa543eeea4aaafffa470cd582e3692424cb0a9fbb980147550b1d993f5	adcf03a1-d4c8-4fcb-8f39-09207e70981e	2025-06-25 13:54:20.525	2025-06-24 13:54:20.559091
04f1a0e8ce068c0895c7a5eda5b5af093afb24d6ab5ffb1307c2c0020e95d081	adcf03a1-d4c8-4fcb-8f39-09207e70981e	2025-06-25 13:58:40.286	2025-06-24 13:58:40.320357
330d1cd05fb70e4fa9099c2ab2bdae9e48b70b3c5115031530a851fae126ec2d	adcf03a1-d4c8-4fcb-8f39-09207e70981e	2025-06-25 13:59:16.719	2025-06-24 13:59:16.75329
41064e4cdb9c7246bec37615b119d33445f088b33df71e358f73adf4c4d19a4e	adcf03a1-d4c8-4fcb-8f39-09207e70981e	2025-06-25 13:59:18.77	2025-06-24 13:59:18.804403
4859d19270b8f38dd2064fb1ebbd88c6d7974239508b743c5a9b32fca019d640	adcf03a1-d4c8-4fcb-8f39-09207e70981e	2025-06-25 14:01:16.949	2025-06-24 14:01:16.984998
e8a1ed71fed0bfd68b0afc8e48f0894626b57a8bbf9986db3219da678fe2e97b	adcf03a1-d4c8-4fcb-8f39-09207e70981e	2025-06-26 07:36:15.558	2025-06-25 07:36:15.593555
1ae502212e3591d84d3f29ba871d587b5cc67faa89748f1f4f8c221b96164d7f	adcf03a1-d4c8-4fcb-8f39-09207e70981e	2025-06-26 07:39:22.369	2025-06-25 07:39:22.404449
f011938ec02a22fcf4f86b51a01e96737e70c2315bb73acd38cdbc38c69a1201	adcf03a1-d4c8-4fcb-8f39-09207e70981e	2025-06-26 07:39:32.84	2025-06-25 07:39:32.8755
71d08545651186d016cedaacc2df845ddb30832993f4092e10ecfe270b0cec6a	adcf03a1-d4c8-4fcb-8f39-09207e70981e	2025-06-26 07:39:51.128	2025-06-25 07:39:51.16321
5fe17c5129d28e9e80b8ade5a2ac190cf9b5509e0d3de11bca03207cb459497f	adcf03a1-d4c8-4fcb-8f39-09207e70981e	2025-06-26 07:43:07.307	2025-06-25 07:43:07.343551
eb79cc539087ed2a0cdafaa74bf41e41deb4965cd1818a7ff6cce4cbb3c0bb59	adcf03a1-d4c8-4fcb-8f39-09207e70981e	2025-06-26 07:51:08.79	2025-06-25 07:51:08.82579
e47fe4e1b5ba33cf97b1ebc4cd4cc895fec9cd2aa9a2358190234dcaae94df51	adcf03a1-d4c8-4fcb-8f39-09207e70981e	2025-06-26 07:58:52.737	2025-06-25 07:58:52.771645
17a773b4573c86125167144429e9a6ac86fba4803d7ce734f7e61c15d09bf24a	adcf03a1-d4c8-4fcb-8f39-09207e70981e	2025-06-26 07:59:24.531	2025-06-25 07:59:24.566363
1143669315a88e1ad430f270cd2160555c99ef79f69c7f42fcfde9c2df6e42f5	adcf03a1-d4c8-4fcb-8f39-09207e70981e	2025-06-26 08:01:32.153	2025-06-25 08:01:32.187743
bc272e0107485967ab4a976e17b4bd2827b8c497b7928e9c37d88ceb87361b29	adcf03a1-d4c8-4fcb-8f39-09207e70981e	2025-06-26 08:02:06.47	2025-06-25 08:02:06.506203
ffdea9cfb4d160e210eafee7d36fa8b8d1161457f611e121d67e4cba34de1b21	adcf03a1-d4c8-4fcb-8f39-09207e70981e	2025-06-26 08:02:07.562	2025-06-25 08:02:07.597302
0cd9f3e9104ee75cc8b412863ce543159716b383b1f5187cad776e9da26cd9ff	adcf03a1-d4c8-4fcb-8f39-09207e70981e	2025-06-26 08:02:31.595	2025-06-25 08:02:31.630654
47afbc11ddbe7dab3f33d99166097fcbda1ec265dfe4409bfdb6d1c858f65345	adcf03a1-d4c8-4fcb-8f39-09207e70981e	2025-06-26 08:24:49.281	2025-06-25 08:24:49.316337
7352eccb77b825af8d700b16527b7a92af2b25d80d7d3ee952049ba791ca628f	adcf03a1-d4c8-4fcb-8f39-09207e70981e	2025-06-26 08:37:32.559	2025-06-25 08:37:32.594476
c1a198a2ca38322fc81132b523e2a49b11dbb9487f5e598945cbb13fd2be7681	adcf03a1-d4c8-4fcb-8f39-09207e70981e	2025-06-26 09:07:39.23	2025-06-25 09:07:39.269786
122c0cb9cc664eaab80f131d023ca7f8cbb09ddcf0276bd48ae445ac42e6739b	adcf03a1-d4c8-4fcb-8f39-09207e70981e	2025-06-26 09:13:15.644	2025-06-25 09:13:15.678277
a0951ac90b46766c3ec5cad741fd84062cc599468c5233a7c78771fef3683c51	adcf03a1-d4c8-4fcb-8f39-09207e70981e	2025-06-26 09:14:03.148	2025-06-25 09:14:03.183019
8566ca01ef07b8ad29610195c78e85c70de62abed1a67caa724fde39475373e9	adcf03a1-d4c8-4fcb-8f39-09207e70981e	2025-06-26 09:16:03.284	2025-06-25 09:16:03.321881
14e059bc3ae17a3c34ccfa290fee1ddddb980cba0f6810276f0721b83564a898	adcf03a1-d4c8-4fcb-8f39-09207e70981e	2025-06-26 09:16:03.89	2025-06-25 09:16:03.927959
e4fc1d78279420adcd7686afa412ba093e93ea2a2788418208c44b03dad6ae66	adcf03a1-d4c8-4fcb-8f39-09207e70981e	2025-06-26 09:16:16.56	2025-06-25 09:16:16.595289
9010904fbe8bc8310e16ebd3134d95d96d1d0089c661426e6d121564212ec87c	adcf03a1-d4c8-4fcb-8f39-09207e70981e	2025-06-26 09:24:29.284	2025-06-25 09:24:29.320033
dff915b43e9bc3a7110c7cbd7ed621bfb835edce2510153e6dd1b0d06bf5a8ab	adcf03a1-d4c8-4fcb-8f39-09207e70981e	2025-06-26 09:32:51.152	2025-06-25 09:32:51.1865
258d7bdb752b2820878eb13d499940647f23de6e5b864cde7005b1eb8332f6a7	adcf03a1-d4c8-4fcb-8f39-09207e70981e	2025-06-26 09:32:58.885	2025-06-25 09:32:58.919911
aec7e9b87257706054875a910b97dda53f42de097638dfdff07ba9de92879edc	adcf03a1-d4c8-4fcb-8f39-09207e70981e	2025-06-26 09:35:22.395	2025-06-25 09:35:22.430514
f5317e6b8e955fb2310ce3e0b9707754f9220b180d853eab86a0f9d8cc3759b3	adcf03a1-d4c8-4fcb-8f39-09207e70981e	2025-06-26 09:38:12.916	2025-06-25 09:38:12.950929
738ed5f29cb66c3cdd553bfe0c3e692f5243fe391acddf26b029eca5de0bba72	adcf03a1-d4c8-4fcb-8f39-09207e70981e	2025-06-26 09:38:35.535	2025-06-25 09:38:35.570131
ca8675bc4457a83c360272d418f1c266f329c820704556c6cdb86b3ac697d854	adcf03a1-d4c8-4fcb-8f39-09207e70981e	2025-06-26 09:42:24.295	2025-06-25 09:42:24.33062
22898ffcd87985a6d525278ac7436105e633a72064518b8509cc3e6954801a4e	adcf03a1-d4c8-4fcb-8f39-09207e70981e	2025-06-26 09:46:38.95	2025-06-25 09:46:38.986995
45e4516088912a52ba6c4cd9a69d7ba06f498ae8c7e8587ab317948a95012fbf	adcf03a1-d4c8-4fcb-8f39-09207e70981e	2025-06-26 09:48:28.64	2025-06-25 09:48:28.675563
053b3eeae162dc238ee79109b2e23399e6dde03660137d87202a92fa390eef2a	adcf03a1-d4c8-4fcb-8f39-09207e70981e	2025-06-26 09:52:55.719	2025-06-25 09:52:55.753376
8f23747f98051818dd05f79559e20bd6dffcae3d6a7f910ae2aef4cf086ebe7b	adcf03a1-d4c8-4fcb-8f39-09207e70981e	2025-06-26 10:04:20.885	2025-06-25 10:04:20.920467
f37ae7cd3cfb20d0b01252a2f491f0c3468bb1f3519931599b2c500308eb03b1	adcf03a1-d4c8-4fcb-8f39-09207e70981e	2025-06-26 10:11:21.045	2025-06-25 10:11:21.08023
295902489aafcf90b0ad43966c4a008064374fceee1ede20fc176f444219664b	adcf03a1-d4c8-4fcb-8f39-09207e70981e	2025-06-26 10:13:10.736	2025-06-25 10:13:10.771472
8cd3bdc3cea45f1f54f5b2739ab9fdb916f407a472609a19fdb43348beb9aa20	adcf03a1-d4c8-4fcb-8f39-09207e70981e	2025-06-26 10:28:54.771	2025-06-25 10:28:54.803861
59601f73133ae7c2be462cd2758b4750805325a714081a51ef50caddbcffbb60	adcf03a1-d4c8-4fcb-8f39-09207e70981e	2025-06-26 10:29:03.132	2025-06-25 10:29:03.159445
e6d6348b19996b216588ae6c3549bfd814963ff27a9c01e512a212238bfcc7ef	adcf03a1-d4c8-4fcb-8f39-09207e70981e	2025-06-26 10:33:43.058	2025-06-25 10:33:43.087065
2e8926af58b9995f6cc7368a767e5bd9fa0e8c2d42ccd95056026424a6b26b87	adcf03a1-d4c8-4fcb-8f39-09207e70981e	2025-07-01 22:59:00.53	2025-06-30 22:59:00.565359
ca213ab928cd1baffa7109dbfb7cb2daf95bde1c463f8550bdbbc26c93cb0850	adcf03a1-d4c8-4fcb-8f39-09207e70981e	2025-07-01 23:10:27.256	2025-06-30 23:10:27.289888
9addc756f0bfb642e7cd0d19dad442a4cb3ec34a5f30389182d47ddac3a63b7f	adcf03a1-d4c8-4fcb-8f39-09207e70981e	2025-07-01 23:19:40.47	2025-06-30 23:19:40.505299
619913272fe2d2630ed4ce811d3ed11a3130fb613f6d08f0d4d547de7fbbd166	adcf03a1-d4c8-4fcb-8f39-09207e70981e	2025-07-02 07:15:44.451	2025-07-01 07:15:44.487332
760c7b17ab614fef44b8cabf1f6d7be4b453532e147089514f3c59386dbeaf49	adcf03a1-d4c8-4fcb-8f39-09207e70981e	2025-07-02 08:04:38.034	2025-07-01 08:04:38.069537
d441d2fbcb231aa48727fde3f532d916f528acb0b2c4712f1f161937fccd92b4	adcf03a1-d4c8-4fcb-8f39-09207e70981e	2025-07-02 09:46:03.649	2025-07-01 09:46:03.685094
7853dcd3ee01269d11e72b94965a8ffd1552dbed347e4a1a8e7a765beeccd061	adcf03a1-d4c8-4fcb-8f39-09207e70981e	2025-07-02 09:46:10.461	2025-07-01 09:46:10.495701
7fd25f9f692580ada619cd57a92f361dd2cd07c6566d81c68ecb49cc3f8e4508	adcf03a1-d4c8-4fcb-8f39-09207e70981e	2025-07-02 18:13:16.477	2025-07-01 18:13:16.512
4cb8720107e2b6313280951c7d0329523768373bbc3e3f36a26be1ebcc0406ab	adcf03a1-d4c8-4fcb-8f39-09207e70981e	2025-07-04 14:33:31.954	2025-07-03 14:33:31.989211
eccebcae219364a9404ab52b92ca672990db7975a35a5e67f5cb711673102747	adcf03a1-d4c8-4fcb-8f39-09207e70981e	2025-07-04 14:38:13.816	2025-07-03 14:38:13.851501
aad0bfbd55c1733568701bdef878a5bcfe98a61fb8cdfa4fe79d3e2302288e2d	adcf03a1-d4c8-4fcb-8f39-09207e70981e	2025-07-09 16:28:28.268	2025-07-08 16:28:28.30366
f06108633328b60820d025a28dbc358df03168bda861dd9f2b7fa6dfd3e67d8c	adcf03a1-d4c8-4fcb-8f39-09207e70981e	2025-07-09 17:12:50.185	2025-07-08 17:12:50.220964
b33d33c99bf625aa6d9e177a09b0d46ac97eecfe77b69a419cbcb6221f200f0f	adcf03a1-d4c8-4fcb-8f39-09207e70981e	2025-07-09 17:14:17.286	2025-07-08 17:14:17.321893
a264267699aaf44df909d439b2530126ef134496248740d1e140cf1c6462a77d	adcf03a1-d4c8-4fcb-8f39-09207e70981e	2025-07-09 17:15:26.096	2025-07-08 17:15:26.131742
5f4dd1101719c2bec728e34d12c76b34f7c35781c980534ed2136d1d2c2baf00	adcf03a1-d4c8-4fcb-8f39-09207e70981e	2025-07-09 17:15:26.734	2025-07-08 17:15:26.769348
941a33000e78ca2e7534a20189af23b9a10280df6484efec3d11e489b0223dfd	adcf03a1-d4c8-4fcb-8f39-09207e70981e	2025-07-09 17:17:37.895	2025-07-08 17:17:37.931204
757cbb1b794c23c5eef05a4fbb7358c6bc66d5f27e2c51b3b8871025e8ee1393	adcf03a1-d4c8-4fcb-8f39-09207e70981e	2025-07-09 17:27:07.501	2025-07-08 17:27:07.535979
2017ddb3845959281b32c536a78c9df6a82bee80c13ab7bae63901fbb8622b49	adcf03a1-d4c8-4fcb-8f39-09207e70981e	2025-07-09 17:30:00.934	2025-07-08 17:30:00.968684
716884658662cf1c10678bb2ca7e67f9147dad30ef41391d0c9bc4e25024420a	adcf03a1-d4c8-4fcb-8f39-09207e70981e	2025-07-09 17:34:44.045	2025-07-08 17:34:44.080771
758bc1a1de4b1eb463d9b683d27eb769d1270880d5afed774b01d7f4d4902049	6d253a31-94c5-4a04-9172-0774e3b0b933	2025-07-09 17:36:35.912	2025-07-08 17:36:35.946594
27063e156e7adafdc662b538dadf31f7fd27993e808f72352fc08a776e2bb27b	6d253a31-94c5-4a04-9172-0774e3b0b933	2025-07-10 08:31:27.448	2025-07-09 08:31:27.484197
fbf5dd8b700be548f0ad6b27a570b15c65e9df79f415c358bff2a9b98a01d4a2	6d253a31-94c5-4a04-9172-0774e3b0b933	2025-07-10 08:33:46.891	2025-07-09 08:33:46.92583
f4380f3a5b527e15cbf6c1a57b53deae099fa201f7262f147b708e7b9d122505	6d253a31-94c5-4a04-9172-0774e3b0b933	2025-07-10 08:37:52.306	2025-07-09 08:37:52.342003
521e94bbd4728d617fc3f8c677b760a1151468d5a5a78dd9bebb9ac4da420c59	6d253a31-94c5-4a04-9172-0774e3b0b933	2025-07-10 08:38:48.115	2025-07-09 08:38:48.150223
e81a597ea6f4d10d55d9104aac88e32aa3fb2ccccdc577792b81748ba9194da6	6d253a31-94c5-4a04-9172-0774e3b0b933	2025-07-10 08:42:19.096	2025-07-09 08:42:19.131032
a66c8f23d48b2183e433df85a0ce5e9ad618253adcb853be4a350c170b95e9eb	6d253a31-94c5-4a04-9172-0774e3b0b933	2025-07-10 08:45:21.544	2025-07-09 08:45:21.579283
fc609a038f6b1b7e8397119a1002e6e1b1c09145cc92555e927d59d3c01e0379	6d253a31-94c5-4a04-9172-0774e3b0b933	2025-07-10 09:00:20.895	2025-07-09 09:00:20.929819
51bfe335074c6a80810097bcbfb32a9821caea7afcf9754d12bbf95d3e384395	6d253a31-94c5-4a04-9172-0774e3b0b933	2025-07-10 11:22:19.307	2025-07-09 11:22:19.342748
d3793a755d382acd2f1244025107d978842ced2897b9ceb61ecb4705430d5c0a	adcf03a1-d4c8-4fcb-8f39-09207e70981e	2025-07-10 11:23:06.416	2025-07-09 11:23:06.450868
393b53d62da68d71047398ec35ef210cf8a13093aaa2ab2ef84c7b3a77b65842	adcf03a1-d4c8-4fcb-8f39-09207e70981e	2025-07-10 11:57:40.973	2025-07-09 11:57:41.007953
2168f58d96c95147a35af2423937ec798543b648ce4fb28e12f576195eb1d2ef	adcf03a1-d4c8-4fcb-8f39-09207e70981e	2025-07-10 12:52:35.302	2025-07-09 12:52:35.338161
0bab88649c97cf0bc2f527011a713418c012e3e59574f9f123bfb3f216c1f2b5	adcf03a1-d4c8-4fcb-8f39-09207e70981e	2025-07-10 16:38:46.662	2025-07-09 16:38:46.697682
3674419477798042fa7dcdfe1b192260ee75631cf1ffe832c009152363d2be82	adcf03a1-d4c8-4fcb-8f39-09207e70981e	2025-07-10 16:46:12.931	2025-07-09 16:46:12.966069
250a812f204a0fd852c63eda8bd17e0a423c0e25b9b0cfdf56e58f3dbcf2c348	adcf03a1-d4c8-4fcb-8f39-09207e70981e	2025-07-10 16:52:33.026	2025-07-09 16:52:33.061309
b787f1e8eabf3c4151283c40ae51eb3fa621d66c188398b116bc24837a461016	adcf03a1-d4c8-4fcb-8f39-09207e70981e	2025-07-11 10:40:41.342	2025-07-10 10:40:41.377899
493dd83ce836be72af62e165491bdfa520d87923c4cfd64dcfe8f687268a3393	adcf03a1-d4c8-4fcb-8f39-09207e70981e	2025-07-11 20:26:45.076	2025-07-10 20:26:45.112054
4fcca4c3b6d80ed8a8c843732511ade425f06583819d9dd05d4ea8ce7af08115	adcf03a1-d4c8-4fcb-8f39-09207e70981e	2025-07-11 20:39:37.134	2025-07-10 20:39:37.170478
f28acadb89d07874678c2b8cdbddd8f527dd89e3bdd97a19101d642b8d5d84d2	adcf03a1-d4c8-4fcb-8f39-09207e70981e	2025-07-15 13:01:32.726	2025-07-14 13:01:32.760839
e89e8244dc91a22209e0eeb73a6be9a25207dcf425e8ce086e741690f3766a9a	adcf03a1-d4c8-4fcb-8f39-09207e70981e	2025-07-15 13:14:36.159	2025-07-14 13:14:36.194493
52b7f85efd6ba591f5669d9a3576191e80b8a9baa353d2e33f62bc29bad776d4	adcf03a1-d4c8-4fcb-8f39-09207e70981e	2025-07-15 13:21:40.303	2025-07-14 13:21:40.339401
db3f605e4097387e78bd106681b9b840d6171ed0b3c525d9214079bd9cf03018	adcf03a1-d4c8-4fcb-8f39-09207e70981e	2025-07-15 13:26:17.583	2025-07-14 13:26:17.618878
3ac27f490a100887a2178c4fbbf070717ae41ebc8d377d4e778dca7690ced6f3	adcf03a1-d4c8-4fcb-8f39-09207e70981e	2025-07-15 13:26:22.408	2025-07-14 13:26:22.442375
68c090b8c0faf52f1c82bde46400368c1844a238d25124ee73e47596ad7e2c36	adcf03a1-d4c8-4fcb-8f39-09207e70981e	2025-07-15 13:33:01.27	2025-07-14 13:33:01.306954
ced0fea58ead6d56152f9c01774603c881782c28cb0241e4eb7d8680f698fad9	adcf03a1-d4c8-4fcb-8f39-09207e70981e	2025-07-15 13:36:29.281	2025-07-14 13:36:29.315596
2309903900ea62fe2a731a268ef88c15b780a58f39634abd360a8637dcf42f68	adcf03a1-d4c8-4fcb-8f39-09207e70981e	2025-07-15 13:41:27.196	2025-07-14 13:41:27.233209
636062eba3174908294a6c11f0e0f00a41e4b72ef5abff9c8642e50904fafb16	adcf03a1-d4c8-4fcb-8f39-09207e70981e	2025-07-15 13:58:16.453	2025-07-14 13:58:16.488519
086a42c05980cd058767384f41d9f3a7bb19806758655525e3602c2a722f2c00	adcf03a1-d4c8-4fcb-8f39-09207e70981e	2025-07-15 14:00:42.854	2025-07-14 14:00:42.888651
c0182652fe18ef57ece09b1ec2f2a47cbaf446151a31abc8d4cf2f2830cc968d	adcf03a1-d4c8-4fcb-8f39-09207e70981e	2025-07-15 14:00:43.547	2025-07-14 14:00:43.582195
d3a352c0e798154153efbcc0eef4e88bcb17dfec9bc0d1895c6cbb94ca990e1d	adcf03a1-d4c8-4fcb-8f39-09207e70981e	2025-07-15 14:01:08.443	2025-07-14 14:01:08.477363
1ce4c85257a2d1db9af6cc0d523d180024bca50932842e758a4f8d105188b3f5	adcf03a1-d4c8-4fcb-8f39-09207e70981e	2025-07-15 14:05:21.432	2025-07-14 14:05:21.467696
98655748deb08dec031c63c9f674a7e33c4c0a1b6b0fa88e84e6d809718188ed	adcf03a1-d4c8-4fcb-8f39-09207e70981e	2025-07-15 14:12:31.248	2025-07-14 14:12:31.283967
b1227d1e6a182a787e51eccfc536a8c7631d409c442075bd8cf49ae18d8b5b78	adcf03a1-d4c8-4fcb-8f39-09207e70981e	2025-07-15 14:12:32.799	2025-07-14 14:12:32.833784
d72420c336f5822757bff3dead72081e72b8437143766516d72b058206491175	adcf03a1-d4c8-4fcb-8f39-09207e70981e	2025-07-15 14:20:52.702	2025-07-14 14:20:52.737221
514e8e3da2473127ec2eebbfecb6bd9fb4b999d3eee379d3ffc331a4e4e1905d	adcf03a1-d4c8-4fcb-8f39-09207e70981e	2025-07-15 14:52:26.801	2025-07-14 14:52:26.835926
fe52972768cbccf1a4bb926fc88dae2ebbd23ab427df3c85b0aed2050033cf52	adcf03a1-d4c8-4fcb-8f39-09207e70981e	2025-07-15 14:57:04.55	2025-07-14 14:57:04.58519
7bda18cc4231e6f4a61cc2d485b6caf800db9ab274cedd361b11f5a5740a17e0	adcf03a1-d4c8-4fcb-8f39-09207e70981e	2025-07-15 15:12:06.056	2025-07-14 15:12:06.091447
ab0406a48589c4bcf6c8180478e94019856434c7ba2d2a0a4c3c29861cc8a785	adcf03a1-d4c8-4fcb-8f39-09207e70981e	2025-07-15 15:40:55.08	2025-07-14 15:40:55.114807
43ed368d73e5f68bef9dfcbbe86e1c496b3549da9020423187cfb0fcbcbe29e8	adcf03a1-d4c8-4fcb-8f39-09207e70981e	2025-07-15 15:53:27.269	2025-07-14 15:53:27.30391
280ca5b6b8369672b4819f2658589b9ef519c071193f67a5c8c216f87ef8172d	adcf03a1-d4c8-4fcb-8f39-09207e70981e	2025-07-15 15:59:00.662	2025-07-14 15:59:00.697349
e4d1673bba0ee06e13ebc715060804478f4d621d4cfe3a05b700226c64edf93c	adcf03a1-d4c8-4fcb-8f39-09207e70981e	2025-07-15 16:05:46.135	2025-07-14 16:05:46.171309
fb2ace57658aff62078cc1b85c463952ee397d62af03bc719ecde7a80271e7dd	adcf03a1-d4c8-4fcb-8f39-09207e70981e	2025-07-15 16:11:56.434	2025-07-14 16:11:56.46945
c4b8d6b9b64408c5fe1e6a22ccc5d78a535335a10162dad21193d3f2888e1394	adcf03a1-d4c8-4fcb-8f39-09207e70981e	2025-07-15 16:15:30.629	2025-07-14 16:15:30.66353
8847a56a3d027a8ad15ac6c74938bc937196e3bc14ca8c29792e598e35d251d3	adcf03a1-d4c8-4fcb-8f39-09207e70981e	2025-07-15 16:18:31.139	2025-07-14 16:18:31.174392
23c49f37d649467bb672787d8544c52d4d4507fe6acd7425310612c25392e954	adcf03a1-d4c8-4fcb-8f39-09207e70981e	2025-07-16 06:25:06.79	2025-07-15 06:25:06.82597
3b34c9b34361dab4817973adc5e93e4a45526c72a84b63d25e62c302653fd43f	adcf03a1-d4c8-4fcb-8f39-09207e70981e	2025-07-16 06:34:10.999	2025-07-15 06:34:11.035953
c8570be9ab7a6851ce6b837272ef71483e7d8808a386c10f32ac9832fea79586	adcf03a1-d4c8-4fcb-8f39-09207e70981e	2025-07-16 06:56:49.035	2025-07-15 06:56:49.070841
e9c1c0e5a26c36150df39e8dd1477bd535f31f287402f5d1145ab735d6f69242	adcf03a1-d4c8-4fcb-8f39-09207e70981e	2025-07-16 07:11:43.12	2025-07-15 07:11:43.155557
7fefb78fff3ae69c75b86319c169c75b4b79e9878c75f3016fc4726da0806b11	adcf03a1-d4c8-4fcb-8f39-09207e70981e	2025-07-16 07:17:09.792	2025-07-15 07:17:09.827557
d535401ec5553ce7d77b3f876e435130ca9a465a4c712296a7f52cc59844f1c1	adcf03a1-d4c8-4fcb-8f39-09207e70981e	2025-07-16 07:23:40.39	2025-07-15 07:23:40.425809
22d6e56072b7bee7b1ca66ee84509b3d9659e954332d3de3bb9e6483050d33ae	adcf03a1-d4c8-4fcb-8f39-09207e70981e	2025-07-16 07:35:26.208	2025-07-15 07:35:26.244177
83c02ee7e1682206a254dd2922f2afefea3002a002f1fc2a8a4909f7837040f1	adcf03a1-d4c8-4fcb-8f39-09207e70981e	2025-07-16 08:08:50.967	2025-07-15 08:08:51.001502
2567df9a596e8d5c4a791578e1b1e927cda20b754890373c2cc15844923b7012	adcf03a1-d4c8-4fcb-8f39-09207e70981e	2025-07-16 08:53:25.554	2025-07-15 08:53:25.589526
3be5b4fec6f0e57618f76d577eef1a810f7b973bb2a88383a89b90cf27571035	adcf03a1-d4c8-4fcb-8f39-09207e70981e	2025-07-16 08:57:20.864	2025-07-15 08:57:20.898743
970e6e7aed3ff4da6193cdc724990018b8aab2bfbd31144afad6de6189287d84	adcf03a1-d4c8-4fcb-8f39-09207e70981e	2025-07-16 09:02:22.312	2025-07-15 09:02:22.347968
86f49c2b3a7c8ddaf889847a3ba4476a0d015870690d734ec361cf4f8805f1ca	adcf03a1-d4c8-4fcb-8f39-09207e70981e	2025-07-16 09:10:24.232	2025-07-15 09:10:24.267644
d0da8e517c1a6aa8d701f0abb48a75f556c4887a55fa7e27938099c0fc497fa2	adcf03a1-d4c8-4fcb-8f39-09207e70981e	2025-07-16 09:21:44.361	2025-07-15 09:21:44.395982
330149be67404b47b2a53f0a4ebdb7167752de67b25c648c3a37e087cf16ef15	adcf03a1-d4c8-4fcb-8f39-09207e70981e	2025-07-16 09:36:30.465	2025-07-15 09:36:30.501262
5cbb8f2c8f2c86fb962ad56fc7b74a959a9c26cce8986e12a153dee5538a3503	adcf03a1-d4c8-4fcb-8f39-09207e70981e	2025-07-16 09:51:31.275	2025-07-15 09:51:31.311048
60d66a6ffe1c349f947b32c4eae731a8089091578764a58967eda992c593c96b	adcf03a1-d4c8-4fcb-8f39-09207e70981e	2025-07-16 10:00:46.738	2025-07-15 10:00:46.773579
16013488756a21089e401f065f4b550438caf54040fc7ff8cc5aa90c5d681290	adcf03a1-d4c8-4fcb-8f39-09207e70981e	2025-07-16 10:07:00.238	2025-07-15 10:07:00.273756
6a6a1a192f6c2fc4cb1ffb9da6f527c01b03075c2043bc326a2708ecac8688d3	adcf03a1-d4c8-4fcb-8f39-09207e70981e	2025-07-16 10:16:15.145	2025-07-15 10:16:15.180655
a58e4ca6a12426046074048c689d16d4a48aade4a12e30fbaf47c52959507439	adcf03a1-d4c8-4fcb-8f39-09207e70981e	2025-07-16 10:21:23.722	2025-07-15 10:21:23.758004
dac3a8a155d369217abd7d65fac1a6ee068940a6ca57e2489b5a71910354a52b	adcf03a1-d4c8-4fcb-8f39-09207e70981e	2025-07-16 10:48:06.722	2025-07-15 10:48:06.756959
b1e94373257d1cb3565a3afaf40424ca858e19fa8db24fed970d5206bff456d3	adcf03a1-d4c8-4fcb-8f39-09207e70981e	2025-07-16 10:59:24.847	2025-07-15 10:59:24.882746
05c341e9523be282c62b227e7e3f9199a2d265e17e54fbedb00f2c464759a25c	adcf03a1-d4c8-4fcb-8f39-09207e70981e	2025-07-16 11:29:40.068	2025-07-15 11:29:40.103176
0fdd48b36cd6c192549180c292362fa9960e447e23be3f4b1027db5b3864fd76	adcf03a1-d4c8-4fcb-8f39-09207e70981e	2025-07-16 11:54:37.388	2025-07-15 11:54:37.42384
8f5d5f71acab0232cf57d5b3ace2d1ca66e9fd7a136b8bebe73b2cfb74dd007f	adcf03a1-d4c8-4fcb-8f39-09207e70981e	2025-07-16 12:01:18.371	2025-07-15 12:01:18.405935
f3585488e84577c22ab0d2730023df7cef7398b31db4196f81284fe35c164f34	adcf03a1-d4c8-4fcb-8f39-09207e70981e	2025-07-16 12:18:03.372	2025-07-15 12:18:03.40815
860807bf0f6616d1a008467fd37191e222ee4b1488efe77474f1b47cb165e9ac	adcf03a1-d4c8-4fcb-8f39-09207e70981e	2025-07-16 12:43:25.025	2025-07-15 12:43:25.061315
38da6da026fcadc2b2d9bc9dda8d9ee9cb338257c48d179adf31c0e3efee68ca	adcf03a1-d4c8-4fcb-8f39-09207e70981e	2025-07-16 12:52:00.772	2025-07-15 12:52:00.807444
eb6da168dda066205a9903f78db1675bafcc0cb80cfc932498f5e38810d35a63	adcf03a1-d4c8-4fcb-8f39-09207e70981e	2025-07-16 13:01:39.304	2025-07-15 13:01:39.339385
32c1f4771b504fb6d3ba07696023c0dac2330a0d290ab029926d83b573de29da	adcf03a1-d4c8-4fcb-8f39-09207e70981e	2025-07-16 13:12:59.938	2025-07-15 13:12:59.973344
5251fe7737b05398c5ebd7339a7b8da73883b1eba0e48fcaa4d78e39fb6f7c25	adcf03a1-d4c8-4fcb-8f39-09207e70981e	2025-07-16 13:14:45.169	2025-07-15 13:14:45.206015
316ea982c6b9e3a97d781346e3cc18b652b6a02a1623b4a553fd5b9ce1c8ab1c	adcf03a1-d4c8-4fcb-8f39-09207e70981e	2025-07-16 13:34:19.565	2025-07-15 13:34:19.604067
cd383b55d19bb00546a95961e83b76a4f514486b88775ebbdacccb154077f87c	adcf03a1-d4c8-4fcb-8f39-09207e70981e	2025-07-16 13:35:56.487	2025-07-15 13:35:56.522866
d028239f267ffc8ed99dce8958b23cde03e21bef02492af84e83edeebfe63a88	adcf03a1-d4c8-4fcb-8f39-09207e70981e	2025-07-16 13:59:53.685	2025-07-15 13:59:53.719816
a374947447deda6be84c562317fabb0e6b7343ce0dac45ab2a8eb4146128d870	adcf03a1-d4c8-4fcb-8f39-09207e70981e	2025-07-16 14:23:59.97	2025-07-15 14:24:00.006951
f67ff202a1d00c52834fc21c1e66b459cc9b6b2d2c11066a30abec82de18684b	adcf03a1-d4c8-4fcb-8f39-09207e70981e	2025-07-16 14:33:42.01	2025-07-15 14:33:42.045819
29c9183517afbbaee9139fafbfcb488bb3614041355dc199076006163a214c5e	adcf03a1-d4c8-4fcb-8f39-09207e70981e	2025-07-16 15:01:37.389	2025-07-15 15:01:37.425056
9752839536f1b7f5db69eff9c70b0e0df23bbfa4b56f66b2b68b45c579378d8c	adcf03a1-d4c8-4fcb-8f39-09207e70981e	2025-07-17 07:03:25.582	2025-07-16 07:03:25.6173
f917fab202a55ea812f3495c397b8212534fef26df3fb5b108bb2e2508cf9b37	adcf03a1-d4c8-4fcb-8f39-09207e70981e	2025-07-17 07:45:22.31	2025-07-16 07:45:22.344336
ebcb8ac88d93e2b2600dfb97e2c3c0278696b8c37ace01087bdf02134ae21fab	adcf03a1-d4c8-4fcb-8f39-09207e70981e	2025-07-17 07:51:55.615	2025-07-16 07:51:55.652276
cf05ca9de83b133747f6ba5221a962a39d4bf63b2f0735abb173dd57c13d3f47	adcf03a1-d4c8-4fcb-8f39-09207e70981e	2025-07-17 08:25:52.278	2025-07-16 08:25:52.313355
a116c785b68b59e5f247e6307333a0dbe8f465f7e329e95d7775a3fe2dab10ff	adcf03a1-d4c8-4fcb-8f39-09207e70981e	2025-07-17 08:28:44.115	2025-07-16 08:28:44.149779
85ee190b6e33010a34c36c01277fceb1a047e25ea339f53e98fb4bfea5837e7e	adcf03a1-d4c8-4fcb-8f39-09207e70981e	2025-07-17 08:28:50.545	2025-07-16 08:28:50.580422
1e815e28ea1f1c6dbfb398123ed7a1663dd2020b1a9516a10af616691e4f5593	adcf03a1-d4c8-4fcb-8f39-09207e70981e	2025-07-17 08:29:24.669	2025-07-16 08:29:24.704711
7c73da0647decc893ac9a4fac54acc0be903a8a92e89b252765d60d053e538ea	adcf03a1-d4c8-4fcb-8f39-09207e70981e	2025-07-17 08:29:41.894	2025-07-16 08:29:41.929973
26b34d14250208b75a339b4e669f51238b52869a9b61960a02d06cc7b64e8774	adcf03a1-d4c8-4fcb-8f39-09207e70981e	2025-07-17 08:30:05.693	2025-07-16 08:30:05.728118
a1e458be30aa50b5e07cec2c6f7cf070d5aa9b267295132a5c8fe4787d1957cd	adcf03a1-d4c8-4fcb-8f39-09207e70981e	2025-07-17 08:35:21.909	2025-07-16 08:35:21.944706
de949f72209af2f688b39fe56b36dd6d4f671cbae0f1858a65698ebd27349929	adcf03a1-d4c8-4fcb-8f39-09207e70981e	2025-07-17 08:47:11.752	2025-07-16 08:47:11.786568
7a5b6fabbce06bf53c75176d2ca7f9f2eb81442c6231f3d5024cf441196b5ac7	adcf03a1-d4c8-4fcb-8f39-09207e70981e	2025-07-17 08:47:25.757	2025-07-16 08:47:25.792787
89c00e981c0773fa0b4b20edbcb3cb0186ab18b00520abe27e8be7e2ea7e40e8	adcf03a1-d4c8-4fcb-8f39-09207e70981e	2025-07-17 08:48:21.704	2025-07-16 08:48:21.73867
a3c8703c9ab9d701564d0a6f74cb58bc1b6457d7d14ad4fd4e284d3a3b27d0f3	adcf03a1-d4c8-4fcb-8f39-09207e70981e	2025-07-17 08:54:20.49	2025-07-16 08:54:20.526048
2e2b39ec4dfe751c2741cbe2a792eae116707ea7a8de807675e8b153d93f9125	adcf03a1-d4c8-4fcb-8f39-09207e70981e	2025-07-17 09:14:07.347	2025-07-16 09:14:07.382979
9e216ad4b761d16e882a6596cd81fa47a41acaca9089940736992402b2451980	adcf03a1-d4c8-4fcb-8f39-09207e70981e	2025-07-17 09:26:08.101	2025-07-16 09:26:08.137109
49c1486d617662a7174ae71080f8b0cf96a6a5f1a998e0b3ee0383ecdb92766d	adcf03a1-d4c8-4fcb-8f39-09207e70981e	2025-07-17 09:35:37.948	2025-07-16 09:35:37.984261
fed98f4fed39c4438859ab52f5938ad28d27e0c642ad7288d995a823a8596c34	adcf03a1-d4c8-4fcb-8f39-09207e70981e	2025-07-17 09:38:11.185	2025-07-16 09:38:11.219939
b3424d0f141ba52c2bb343c65cb14a18d56cb1cae42addd72e0be12e212f36eb	adcf03a1-d4c8-4fcb-8f39-09207e70981e	2025-07-17 09:42:54.76	2025-07-16 09:42:54.795375
ad3076c1c9554a6a929edc043ae5475e13d6228aa17282006a58364c514d0423	adcf03a1-d4c8-4fcb-8f39-09207e70981e	2025-07-17 09:50:36.231	2025-07-16 09:50:36.266886
2ce9fdb691d5d63c6e7a32a42852f5dbff1a830b59ecee4924b67e955c95aafe	adcf03a1-d4c8-4fcb-8f39-09207e70981e	2025-07-17 10:00:38.37	2025-07-16 10:00:38.404814
51762c10ca0adf5835a5b3c0d5e003d1b9cb68da425f0abaef376eafbe39b61e	adcf03a1-d4c8-4fcb-8f39-09207e70981e	2025-07-17 10:05:31.883	2025-07-16 10:05:31.918599
6e3b11aa6d33acc23d801877185b71ecbc7afebf20e60f71bac17fce573aa88a	adcf03a1-d4c8-4fcb-8f39-09207e70981e	2025-07-17 10:41:48.494	2025-07-16 10:41:48.529426
b1422e9f0e44ccd5fe96135b1d44970b28cca392e6e675120e3145237202fa79	adcf03a1-d4c8-4fcb-8f39-09207e70981e	2025-07-17 10:48:00.952	2025-07-16 10:48:00.987548
59fb6fd84e6873b475895ace52fb4cd9234454be1ebdb2353d37ee0ac7083007	adcf03a1-d4c8-4fcb-8f39-09207e70981e	2025-07-17 10:50:42.848	2025-07-16 10:50:42.883418
8a15ffba0e05b57a33281332a5d0769ceeb642091c41f099bb2e0690453f8134	adcf03a1-d4c8-4fcb-8f39-09207e70981e	2025-07-17 10:55:00.112	2025-07-16 10:55:00.147205
3667d9fc973ca609ed001e421fc7972885a424c37b0828952ffcdaa8dee6999a	adcf03a1-d4c8-4fcb-8f39-09207e70981e	2025-07-17 11:01:25.978	2025-07-16 11:01:26.014052
0adf57688f09b085beabcc9ad28551958815aeffa851b8bc17f215bd20274060	adcf03a1-d4c8-4fcb-8f39-09207e70981e	2025-07-17 11:11:14.308	2025-07-16 11:11:14.344052
4935ff4f7e439e90e055b85f732974609c8fbf51fb0cce49805d29f18ab1dc22	adcf03a1-d4c8-4fcb-8f39-09207e70981e	2025-07-17 11:17:20.936	2025-07-16 11:17:20.970319
8775eb98d1d455e02a2cad09987de1532f3438041be849b5189d2f9a76a7727a	adcf03a1-d4c8-4fcb-8f39-09207e70981e	2025-07-17 11:23:46.897	2025-07-16 11:23:46.934475
1310f697f5972c0605789a6058139e85fe09daa5410f44453af97e4bd08c996d	adcf03a1-d4c8-4fcb-8f39-09207e70981e	2025-07-17 11:28:56.034	2025-07-16 11:28:56.069019
338ce0937b8ae51c165d90d2049ed0e71a648d02834150e660dd9cf2961e29a7	adcf03a1-d4c8-4fcb-8f39-09207e70981e	2025-07-17 11:32:18.042	2025-07-16 11:32:18.077948
82281a1db04c816f845c7a2caa9ae8bb8de4ba5d95b63f108f921d5c3137a694	adcf03a1-d4c8-4fcb-8f39-09207e70981e	2025-07-17 11:45:27.157	2025-07-16 11:45:27.192336
b7115b65470741e60a7c58c595d4c086a10beb7235bf9d5b33868f34eb60bf78	adcf03a1-d4c8-4fcb-8f39-09207e70981e	2025-07-17 11:48:42.748	2025-07-16 11:48:42.783585
2f69f0daa58506f806bb3b1e772a8014798c88680834e684a0aed9ac0dc5aad9	6d253a31-94c5-4a04-9172-0774e3b0b933	2025-07-17 11:52:31.44	2025-07-16 11:52:31.474816
31533dade389c8031bcdaa2825163cea1d1b290248af735a086b8b197b717f03	6d253a31-94c5-4a04-9172-0774e3b0b933	2025-07-17 11:59:06.133	2025-07-16 11:59:06.168095
de39eca8e010942fbfc469a54506683e5281fe7593e817880836624d2a325b2a	6d253a31-94c5-4a04-9172-0774e3b0b933	2025-07-17 12:05:38.611	2025-07-16 12:05:38.645623
993f76f124a502bc883df8e9476df2d8593ca2bbc93eb9e28e031fcdf681111c	6d253a31-94c5-4a04-9172-0774e3b0b933	2025-07-17 12:20:41.117	2025-07-16 12:20:41.151723
a7389cd76b55665e0ecae14f25bcab1567b3afd3b1cb5e35cfed5cf4e8af7674	adcf03a1-d4c8-4fcb-8f39-09207e70981e	2025-07-17 13:56:48.712	2025-07-16 13:56:48.747916
3efb9f859c3d8c65372973f384286b958651a13f4fb8a580979a9410e77ffd53	6d253a31-94c5-4a04-9172-0774e3b0b933	2025-07-17 13:57:20.765	2025-07-16 13:57:20.802221
dec01126365c99a72c93dbaedcfef2dd51fa6aea56fbb17158424725f9499782	adcf03a1-d4c8-4fcb-8f39-09207e70981e	2025-07-17 16:50:50.033	2025-07-16 16:50:50.069379
18f2181dd01a7aa47058585fc176c5a24b8a0171db41eab055071a1aeada9055	adcf03a1-d4c8-4fcb-8f39-09207e70981e	2025-07-23 12:06:16.291	2025-07-22 12:06:16.327229
3aefa6980f7f0824b6887a31ac8a6c9f46b7505bf51bddbed9b9790e5d6cc413	adcf03a1-d4c8-4fcb-8f39-09207e70981e	2025-07-23 14:03:13.685	2025-07-22 14:03:13.720194
f27f2352ba05479939330d373e4eaa54796d7fb0fff7b9ec6009dfebb5ad7426	adcf03a1-d4c8-4fcb-8f39-09207e70981e	2025-07-23 14:03:14.321	2025-07-22 14:03:14.356044
34144240e1ef9f9d62c0f0d611f3e1f206671a2efa6dbb045f0683d3e9e74273	adcf03a1-d4c8-4fcb-8f39-09207e70981e	2025-07-23 14:03:52.284	2025-07-22 14:03:52.31959
805dcbee0a084a3cea044b32420c87c6ee197a537abbda31e45fa4852d6a9a79	adcf03a1-d4c8-4fcb-8f39-09207e70981e	2025-07-23 14:14:03.315	2025-07-22 14:14:03.349765
86fa41f33a5031c40a247e57ff499854b844538601abac02c709e462f7ad890f	adcf03a1-d4c8-4fcb-8f39-09207e70981e	2025-07-23 14:14:23.607	2025-07-22 14:14:23.642816
4cfba29bfbf1a89ee8eef5d564db10b7816b232569f2f6d1ca1e2a21fdec7d8e	e89d608d-7afa-46be-82b0-0c73f0edeb3f	2025-07-23 14:34:02.521	2025-07-22 14:34:02.556552
b26502e3715d1b20ea94515d4fcb94e65a13b231c66645759ee5ce9f00465b2f	adcf03a1-d4c8-4fcb-8f39-09207e70981e	2025-07-23 14:34:22.827	2025-07-22 14:34:22.862007
83efee8d56f91312312f59f31f1effbdcbfe773d92bd15406a8668b200022998	e89d608d-7afa-46be-82b0-0c73f0edeb3f	2025-07-23 14:34:59.776	2025-07-22 14:34:59.81093
1db217fa2a1efad2386bb59e5f62904d7a49514ba2d602845ef99f2dd4bbe46a	adcf03a1-d4c8-4fcb-8f39-09207e70981e	2025-07-23 14:35:02.991	2025-07-22 14:35:03.025163
9084ad0d7d9cb15797321c3698188d9500198d57dee743232b5609bba57c72bf	197a7ec5-f763-40ea-af84-7f44a8efaf06	2025-07-23 14:35:29.957	2025-07-22 14:35:29.991604
6510c6207fdfb6e4d59d01edb6c7e43225d246c795bcafc0018dd073f1ee62f3	adcf03a1-d4c8-4fcb-8f39-09207e70981e	2025-07-23 14:50:49.18	2025-07-22 14:50:49.216616
1e1274fa42a4101eaac8f3ccf58f1eed02ae966f9417164998b2c29f637a9de2	adcf03a1-d4c8-4fcb-8f39-09207e70981e	2025-07-23 14:50:58.723	2025-07-22 14:50:58.758273
81c6c82c8e9db301d64ff152cc41b08313f7001e4258bfb85fb60ba0a28b8024	adcf03a1-d4c8-4fcb-8f39-09207e70981e	2025-07-23 14:51:46.349	2025-07-22 14:51:46.384791
9b905e0848f0dffbd8b52299bfd2286b644dee151fc5fdb5ade5d587c2092c80	adcf03a1-d4c8-4fcb-8f39-09207e70981e	2025-07-23 14:52:20.368	2025-07-22 14:52:20.403726
868fa9783793571b5619492d5342723f697b102a94c4bbb69b18c73f3810503f	adcf03a1-d4c8-4fcb-8f39-09207e70981e	2025-07-23 15:02:45.026	2025-07-22 15:02:45.062527
7f0ca2b05ed6600e0a1b1711d4f7a2b2040865a71323b9d4e9e567ec2080e09b	adcf03a1-d4c8-4fcb-8f39-09207e70981e	2025-07-23 15:02:58.676	2025-07-22 15:02:58.711357
eb899c81629258c2df0caca3a40ede24a4e49c9464d91239da67aa31798a85be	adcf03a1-d4c8-4fcb-8f39-09207e70981e	2025-07-23 15:03:29.658	2025-07-22 15:03:29.694796
ce686749f4bedbaeda16115dca436bc9c5dbeb6dbae260ee950c6fd0344a02cc	adcf03a1-d4c8-4fcb-8f39-09207e70981e	2025-07-23 15:16:21.068	2025-07-22 15:16:21.103702
7140349c5a8963cb4d48da68d676d391059f4c6430249228f7accdbdc0e36ece	adcf03a1-d4c8-4fcb-8f39-09207e70981e	2025-07-23 15:16:30.716	2025-07-22 15:16:30.750959
5bc3c177770dde5db8713b09e576ef49736d12948e594138d2067ec8e7e1c792	adcf03a1-d4c8-4fcb-8f39-09207e70981e	2025-07-23 15:16:49.724	2025-07-22 15:16:49.758486
00678f3d664f74ea703f5b49b40e80259c28a917faa4c3f8cc203fdfbc030747	adcf03a1-d4c8-4fcb-8f39-09207e70981e	2025-07-23 15:17:06.989	2025-07-22 15:17:07.02501
ad485736dbf01af13cd247d23bd350d50ccd59a84f13a61f4829ab957b3711ff	adcf03a1-d4c8-4fcb-8f39-09207e70981e	2025-07-23 15:17:29.522	2025-07-22 15:17:29.557696
760633a00e502d19932f1ba21e9c8f1b2223892734bddfd9c83733abfa8ef551	e89d608d-7afa-46be-82b0-0c73f0edeb3f	2025-07-23 15:27:59.942	2025-07-22 15:27:59.977271
ee6517c0c46ded2bce727243c87f534df7efa7a13f190857c76ce4698d9ff6d0	adcf03a1-d4c8-4fcb-8f39-09207e70981e	2025-07-23 22:30:52.288	2025-07-22 22:30:52.324618
fe6523d2c58580d367b42bd39c251b1bf91a6a45a17250015bd1f566108fb8aa	adcf03a1-d4c8-4fcb-8f39-09207e70981e	2025-07-23 22:31:04.894	2025-07-22 22:31:04.929312
ab3d54da23c9e19e69eb29e191c15b74beee200a2816c0d42d60663a9b187461	e89d608d-7afa-46be-82b0-0c73f0edeb3f	2025-07-23 22:31:09.877	2025-07-22 22:31:09.91214
a8be39f936bb2562f69d9a81b0fae6973fe413c6a91064cfff7922f8552a8a6a	e89d608d-7afa-46be-82b0-0c73f0edeb3f	2025-07-23 22:39:36.801	2025-07-22 22:39:36.836098
4d47ab6c58f5ff03a92828db267d1b62c3269412cc544d2f85fd152981563b70	adcf03a1-d4c8-4fcb-8f39-09207e70981e	2025-07-23 22:39:44.31	2025-07-22 22:39:44.345325
04bcf878f25bc5a7f14eaf893975176496d3c98a8b7dbc890e7a891f20d57719	a493609a-a2b8-4141-a8e4-e63885eed940	2025-07-23 22:39:47.784	2025-07-22 22:39:47.818444
2c82a3c681784450cc1c57b70542221a87a0c1c5f23c91626bd3fa0d1acfd0ab	adcf03a1-d4c8-4fcb-8f39-09207e70981e	2025-07-23 22:39:48.656	2025-07-22 22:39:48.690098
b492a01d22f674e0ec1cb3c374acfabe7638e5655dc0cca0fdae5ceef8284367	adcf03a1-d4c8-4fcb-8f39-09207e70981e	2025-07-24 05:40:19.614	2025-07-23 05:40:19.648585
cdce26fb2ea982a9cfc68db38abb283ac395b5218b63822594edd4bb7e0f5c96	adcf03a1-d4c8-4fcb-8f39-09207e70981e	2025-07-24 05:41:29.761	2025-07-23 05:41:29.797536
f0b471b25662b798d3cac5ddeda1fe57cdd3e7c1b8f56ee1962f534074456fdc	adcf03a1-d4c8-4fcb-8f39-09207e70981e	2025-07-24 05:41:51.09	2025-07-23 05:41:51.126416
ec94efc7a258c94c11bc7dd6eeb38b6ba7de7594b0c3e73517505ce06b87b7b2	adcf03a1-d4c8-4fcb-8f39-09207e70981e	2025-07-24 05:42:02.993	2025-07-23 05:42:03.030213
52576038daa9d17f4f82c058988a5a8b0b88293d257d45aeb8e7bb8fb696d837	adcf03a1-d4c8-4fcb-8f39-09207e70981e	2025-07-24 05:48:19.07	2025-07-23 05:48:19.106031
3f4b851a5adc3ec5e15b68d4edb6dbe68d35bbdeacc76fafb44580dca9cbe520	adcf03a1-d4c8-4fcb-8f39-09207e70981e	2025-07-24 05:49:32.504	2025-07-23 05:49:32.540036
84a54d1f985faaee3849ed3e4fa85258a4bd59c6f9adebb7aad018f86762a9bd	adcf03a1-d4c8-4fcb-8f39-09207e70981e	2025-07-24 06:03:30.737	2025-07-23 06:03:30.773471
bd1878b27f2a10e2a641f1b3a5ef3c33a9ca334e1d78df476059fd2ba69c8360	adcf03a1-d4c8-4fcb-8f39-09207e70981e	2025-07-24 06:03:54.727	2025-07-23 06:03:54.762992
8be4dce4681cd079dcf9eb5f8577617a84b7a5b72b03d608d0ff63f819b593cb	adcf03a1-d4c8-4fcb-8f39-09207e70981e	2025-07-25 14:39:42.68	2025-07-24 14:39:42.715338
ea32027c70c4a9a04d7a153462b274c5c87e0f1bb30352cd5fe38a3f96c47a0c	adcf03a1-d4c8-4fcb-8f39-09207e70981e	2025-07-25 15:18:41.166	2025-07-24 15:18:41.2032
a2484e11532834f48258fe5e4f6277ce66ea2eda0e0c6ad8770034a7b4abf869	adcf03a1-d4c8-4fcb-8f39-09207e70981e	2025-07-25 15:23:47.33	2025-07-24 15:23:47.365248
9b3e1ee77013c5723f6ebbfed4a08deb2df79a4ed18d62a53a386d31fc5edcf7	adcf03a1-d4c8-4fcb-8f39-09207e70981e	2025-07-25 15:34:15.913	2025-07-24 15:34:15.932245
4ecc282d0098c1f95cdad8167c3d607413657aa7d5dced4f0797c4c448785a2a	adcf03a1-d4c8-4fcb-8f39-09207e70981e	2025-07-25 15:44:50.253	2025-07-24 15:44:50.288762
881ba4739c9c52140f2e278222e02a11ce23528a57bae9c74c10046839c0e561	adcf03a1-d4c8-4fcb-8f39-09207e70981e	2025-07-25 15:44:58.815	2025-07-24 15:44:58.85034
91e0a4d6364a242d27d3a49c484e9a772e26ec2a2964f3cd8718c84751fbc023	adcf03a1-d4c8-4fcb-8f39-09207e70981e	2025-07-25 15:45:20.533	2025-07-24 15:45:20.568061
ffe2771f81edaa669cb9c088558443b22b0fee2b2215a41e1104539024c37be7	adcf03a1-d4c8-4fcb-8f39-09207e70981e	2025-07-25 15:45:35.753	2025-07-24 15:45:35.790197
109d742ad219c46daf8c2e26e8608396c50b30ec3da83d4722c61470998bd0b3	adcf03a1-d4c8-4fcb-8f39-09207e70981e	2025-07-25 15:48:21.193	2025-07-24 15:48:21.212852
982df39acc42f0c8aa71e989fe3392b2519b20427ff3a2bfb0eac1792266af03	48e0fafc-163b-40ed-96f9-2b6f1a600a99	2025-07-25 16:10:30.144	2025-07-24 16:10:30.163121
cbb46adc325fed6ff0a73a107ff1f6736843009f4912b2ca76a904b9753fae43	adcf03a1-d4c8-4fcb-8f39-09207e70981e	2025-08-01 11:24:28.013	2025-07-31 11:24:28.048254
2904cc1a13b1b15f2ba0e7bcf35fbb1a3b4919fcd41e636808e6d8efc7d22e0f	48e0fafc-163b-40ed-96f9-2b6f1a600a99	2025-08-01 14:02:37.993	2025-07-31 14:02:38.028357
c6601df39f1b5e56865fe805e344b1ffc1b76b5ca13165e8691e1129c2768328	adcf03a1-d4c8-4fcb-8f39-09207e70981e	2025-08-02 09:00:18.807	2025-08-01 09:00:18.842483
\.


--
-- Data for Name: users; Type: TABLE DATA; Schema: public; Owner: neondb_owner
--

COPY public.users (id, email, password_hash, role, company_id, department_id, manager_id, is_active, created_at, updated_at, avatar, deleted_at, first_name, last_name) FROM stdin;
cccccccc-cccc-cccc-cccc-cccccccccccc	mike.wilson@testcompany.com	$2a$10$hashedpassword123	employee	f088f945-7ddf-428d-8f00-85047d9bd8c2	22222222-2222-2222-2222-222222222222	bbbbbbbb-bbbb-bbbb-bbbb-bbbbbbbbbbbb	f	2025-06-23 17:46:14.425248	2025-07-16 16:51:17.486	\N	2025-07-16 16:51:17.486	Mike	Wilson
0bcd67e7-1ecf-47b9-adb0-5518e47afdc9	admin@gmail.com	$2b$12$BtC5VZK1cH5DwoBO2/DMvOnnsHxpH/Z.2Ly/JO7FP4BvP1i42F98m	admin	550e8400-e29b-41d4-a716-446655440000	550e8400-e29b-41d4-a716-446655440001	\N	t	2025-06-20 21:22:29.929108	2025-06-20 22:19:35.635828	\N	\N	admin	
0bb69e25-c8e0-45ef-ba19-db9459f6f60f	admin2@gmail.com	$2b$12$BtC5VZK1cH5DwoBO2/DMvOnnsHxpH/Z.2Ly/JO7FP4BvP1i42F98m	employee	550e8400-e29b-41d4-a716-446655440000	550e8400-e29b-41d4-a716-446655440001	\N	t	2025-06-20 21:40:35.916981	2025-06-20 22:19:35.635828	\N	\N	Admin	Two
2f679ac5-738b-4d55-b5ce-2940fd3f340e	nikolina@gmail.com	$2b$12$BtC5VZK1cH5DwoBO2/DMvOnnsHxpH/Z.2Ly/JO7FP4BvP1i42F98m	employee	\N	\N	\N	t	2025-06-21 11:52:31.240905	2025-06-21 11:52:31.240905	\N	\N	nikolina	
550e8400-e29b-41d4-a716-446655440099	superadmin@system.com	$2b$12$BtC5VZK1cH5DwoBO2/DMvOnnsHxpH/Z.2Ly/JO7FP4BvP1i42F98m	super_admin	\N	\N	\N	t	2025-06-23 12:50:02.225504	2025-06-23 12:50:02.225504	\N	\N	Super	Administrator
2d25094e-2495-43c4-bf9e-dc4e0265d2f3	testuser2@example.com	$2b$12$SIvJwEkEZsgpDJ498GEz2eL4zMXDefu/o4y76MxTkZeacbrkvxBhG	employee	\N	\N	\N	t	2025-06-23 15:26:13.433206	2025-06-23 15:26:13.433206	\N	\N	Test	Employee 2
9152be8f-f1dc-4ef8-a3f5-0984e9e0ee5d	user@testdomain.com	$2b$12$nDpXPKb7sBcBD0lXqjxuq.F98oDBBprNCsonwZM9a1rQGR/udLCB2	employee	\N	\N	\N	t	2025-06-23 15:26:50.457791	2025-06-23 15:26:50.457791	\N	\N	Test	User
aaaaaaaa-aaaa-aaaa-aaaa-aaaaaaaaaaaa	john.doe@testcompany.com	$2a$10$hashedpassword123	employee	f088f945-7ddf-428d-8f00-85047d9bd8c2	11111111-1111-1111-1111-111111111111	adcf03a1-d4c8-4fcb-8f39-09207e70981e	t	2025-06-23 17:46:14.425248	2025-06-23 17:46:14.425248	\N	\N	John	Doe
bbbbbbbb-bbbb-bbbb-bbbb-bbbbbbbbbbbb	jane.smith@testcompany.com	$2a$10$hashedpassword123	manager	f088f945-7ddf-428d-8f00-85047d9bd8c2	11111111-1111-1111-1111-111111111111	\N	t	2025-06-23 17:46:14.425248	2025-06-23 17:46:14.425248	\N	\N	Jane	Smith
dddddddd-dddd-dddd-dddd-dddddddddddd	sarah.johnson@testcompany.com	$2a$10$hashedpassword123	employee	f088f945-7ddf-428d-8f00-85047d9bd8c2	33333333-3333-3333-3333-333333333333	bbbbbbbb-bbbb-bbbb-bbbb-bbbbbbbbbbbb	f	2025-06-23 17:46:14.425248	2025-06-23 17:46:14.425248	\N	\N	Sarah	Johnson
eeeeeeee-eeee-eeee-eeee-eeeeeeeeeeee	alex.brown@testcompany.com	$2a$10$hashedpassword123	manager	f088f945-7ddf-428d-8f00-85047d9bd8c2	33333333-3333-3333-3333-333333333333	\N	t	2025-06-23 17:46:14.425248	2025-06-23 17:46:14.425248	\N	\N	Alex	Brown
adcf03a1-d4c8-4fcb-8f39-09207e70981e	companyadmin@testcompany.com	$2b$10$v7NKCPCB/0i63IKhZJ23fOEvVpnUJd.u90fO5FHRRUSnbTG0nT0ke	admin	f088f945-7ddf-428d-8f00-85047d9bd8c2	\N	\N	t	2025-06-23 13:00:23.021629	2025-06-23 13:00:23.021629	\N	\N	Company	Administrator
f0b77e48-79bc-4a06-bdd6-5e6e2092557c	newemployee@testcompany.com	$2b$10$k2aWjfwb8TVe6q8gzOrLhOKWvjRTDTv8naOrQvn69pE4YUVv/tTHq	employee	f088f945-7ddf-428d-8f00-85047d9bd8c2	\N	\N	t	2025-06-24 13:59:17.402488	2025-06-24 13:59:17.402488	\N	\N	New	Employee Test
e88553c1-67d1-47eb-aca2-de48be2ff069	testuser@testcompany.com	$2b$10$2OywADUKDVw/pUioysAHbORrtLUZQVLdG2QCsLyBZOqIoRO9VUci2	employee	f088f945-7ddf-428d-8f00-85047d9bd8c2	\N	\N	t	2025-06-25 07:43:08.422858	2025-06-25 07:43:08.422858	\N	\N	Test	User
d2544889-bc99-4fe3-9b8f-61a0d75d7a37	test.employee@testcompany.com	$2b$10$9c8oj0iPYa844CNo0eQ5..ND3VlvneEhhFZELEQt3ErmlkUMjYBNK	employee	f088f945-7ddf-428d-8f00-85047d9bd8c2	11111111-1111-1111-1111-111111111111	bbbbbbbb-bbbb-bbbb-bbbb-bbbbbbbbbbbb	f	2025-06-30 22:59:17.29567	2025-06-30 22:59:17.29567	\N	\N	Test	Employee
8b09bc2f-e33c-455c-bbbb-d8f1d4d784d7	testnewuser@testcompany.com	$2b$10$xX4U6HOXcZc7JSHLzzcGs.Iv55Rdn5xqVVKpvQiVxB9RNqzWO1Kd.	employee	f088f945-7ddf-428d-8f00-85047d9bd8c2	11111111-1111-1111-1111-111111111111	bbbbbbbb-bbbb-bbbb-bbbb-bbbbbbbbbbbb	f	2025-06-30 23:15:20.320868	2025-06-30 23:15:20.320868	\N	\N	Test	NewUser
bd045e3a-d345-4b94-9e1e-f06405a528d0	testfrontend@testcompany.com	$2b$10$bBrlGBG0JyeERzjqsHGyeuU06g2Q7zvjCoM/3Wm86yBV/LW3927MS	employee	f088f945-7ddf-428d-8f00-85047d9bd8c2	11111111-1111-1111-1111-111111111111	bbbbbbbb-bbbb-bbbb-bbbb-bbbbbbbbbbbb	f	2025-06-30 23:19:46.767113	2025-06-30 23:19:46.767113	\N	\N	Frontend	Test
68d5d532-b3c7-4c5b-92b6-df72e68778d6	newuser.test@testcompany.com	$2b$10$RlHbkZHDD7dZr/BzLR7dOOjAMGlHyyP4cqD5qlVVmzw3zxNRyKcS6	employee	f088f945-7ddf-428d-8f00-85047d9bd8c2	\N	\N	f	2025-07-01 07:15:57.670822	2025-07-01 07:15:57.670822	\N	\N	New	User
9bfebd38-a2c9-46d0-b113-b9014fd7908b	newuser1751357105@testcompany.com	$2b$10$DmVRJQfNNaEkyK/HwUbwdeDyEXWIxJ.2nfLwLsM/eo4S2.hqnjyUe	employee	f088f945-7ddf-428d-8f00-85047d9bd8c2	\N	\N	f	2025-07-01 08:05:05.921385	2025-07-01 08:05:05.921385	\N	\N	New	User
ce8a5d51-526e-4326-8d6c-da9e2135f3d6	frontendtest@testcompany.com	$2b$10$XzpoWoDCItPFeyYrfkdj6OSuZE9xdDz6DyLoIjwEt.v.k9Z3pZVYm	employee	f088f945-7ddf-428d-8f00-85047d9bd8c2	11111111-1111-1111-1111-111111111111	bbbbbbbb-bbbb-bbbb-bbbb-bbbbbbbbbbbb	f	2025-07-01 09:48:16.589808	2025-07-01 09:48:16.589808	\N	\N	Frontend	TestUser
e2e81ef5-62d5-489d-a142-58084b86c48f	uitest@testcompany.com	$2b$10$KioD/3rvX4ylayQSXWImoOtPf1pDg.BfUhBjy.2VCE.urBILDkKwi	employee	f088f945-7ddf-428d-8f00-85047d9bd8c2	11111111-1111-1111-1111-111111111111	bbbbbbbb-bbbb-bbbb-bbbb-bbbbbbbbbbbb	f	2025-07-01 10:19:47.151074	2025-07-01 10:19:47.151074	\N	\N	UI	TestUser
fcc1236c-ac7f-4521-bb31-5ece39378790	activetest@testcompany.com	$2b$10$YpEOcg/UYRdh01RaHZS5P.GGrEOI03/HarixR5ziSt0owzQnRI1zm	employee	f088f945-7ddf-428d-8f00-85047d9bd8c2	11111111-1111-1111-1111-111111111111	bbbbbbbb-bbbb-bbbb-bbbb-bbbbbbbbbbbb	f	2025-07-01 12:47:03.236629	2025-07-01 12:47:03.236629	\N	\N	Active	TestUser
97965053-78a9-46a0-8ad9-19a279ae105d	fixedactive@testcompany.com	$2b$10$D8YEHunZqNgfQWgxVnz/JOvr1p.h6mwmPbI6KD5YAqceE4BESd1Em	employee	f088f945-7ddf-428d-8f00-85047d9bd8c2	11111111-1111-1111-1111-111111111111	bbbbbbbb-bbbb-bbbb-bbbb-bbbbbbbbbbbb	t	2025-07-01 12:47:22.171137	2025-07-01 12:47:22.171137	\N	\N	Fixed	ActiveUser
d3d5e959-e9de-47ed-908f-0fbbdd357cbf	direct.test@example.com	hash123	employee	f088f945-7ddf-428d-8f00-85047d9bd8c2	\N	\N	f	2025-07-03 13:01:04.298471	2025-07-08 16:33:07.873	\N	2025-07-08 16:33:07.873	Updated	Name
ce84a48b-271d-4eac-bcbf-892f5d5fa473	testemployee@example.com	$2b$10$teXcDMeMDk7cXDtvkyMc7eWHq0mx0Ilpg7l8gZn3Q0i8lj7292bxi	employee	f088f945-7ddf-428d-8f00-85047d9bd8c2	\N	\N	f	2025-07-01 18:13:23.68793	2025-07-08 16:33:12.146	\N	2025-07-08 16:33:12.146	Test	Employee
6d253a31-94c5-4a04-9172-0774e3b0b933	nikolina@alphahealth.one	$2b$12$cRlDZIgEee/TJR.0X2r8gua1F0ohpVrfhqxdSp2/pzgJAvOT/s/z2	employee	f088f945-7ddf-428d-8f00-85047d9bd8c2	11111111-1111-1111-1111-111111111111	\N	t	2025-07-08 17:36:15.51406	2025-07-08 17:36:15.51406	\N	\N	Nikolina	Buka
173f3e8f-2f99-45b7-997c-9ad81725a404	testuser@example.com	$2b$12$SEYJM6hgfQfP0/5/AV.BE.fL/ReHyWQN.nMLIbXsY98yNWSfjX/Ay	employee	f088f945-7ddf-428d-8f00-85047d9bd8c2	\N	\N	t	2025-07-22 13:54:39.114	2025-07-22 13:54:39.114	\N	\N	Test	User
2505e220-a148-4b9a-b0cf-fd6b681758c7	functional@test.com	$2b$12$QV.SqodBDQbnXvIG1WgWLuD2psenY5IZNCVLoOtSIW.kmZAQut046	employee	f088f945-7ddf-428d-8f00-85047d9bd8c2	\N	\N	t	2025-07-22 13:55:22.599693	2025-07-22 13:55:22.599693	\N	\N	Functional	Test
197a7ec5-f763-40ea-af84-7f44a8efaf06	freshuser@example.com	$2b$12$MzHrU/ZzqAAfW6gPLI1k9uvFpkQO2Rod.y4n7UnqsVOJnAL7EEwwG	employee	f088f945-7ddf-428d-8f00-85047d9bd8c2	\N	\N	t	2025-07-22 14:35:28.557395	2025-07-22 14:35:28.557395	\N	\N	Fresh	User
a493609a-a2b8-4141-a8e4-e63885eed940	fresh.test@example.com	$2b$12$CaEYgpqflCHtFahqATEetOehhfBTLcENTw0gjKKDEjnC847t4/xxS	employee	f088f945-7ddf-428d-8f00-85047d9bd8c2	\N	\N	t	2025-07-22 22:39:46.654372	2025-07-22 22:39:46.654372	\N	\N	Fresh	Test
e89d608d-7afa-46be-82b0-0c73f0edeb3f	buksa.nikolina@gmail.com	$2b$12$/.D/0H4aDudgWrhmKFZow.nMVHqo4fnS2XQS85L3un3bnotUo/wWm	employee	f088f945-7ddf-428d-8f00-85047d9bd8c2	\N	\N	f	2025-07-22 14:14:21.896345	2025-07-22 15:27:57.788	\N	\N	Buksa	Nikolina
21df4ed3-4e87-4cf0-ac47-c031030bc324	lifecycle.test@example.com	$2b$12$9hNXp8lMTHg7JyIzg/VNJuyWhnw7Dsx/iymrMwP4JMA6Xk0AV4c0y	employee	f088f945-7ddf-428d-8f00-85047d9bd8c2	\N	\N	t	2025-07-23 06:03:43.665732	2025-07-23 06:03:43.665732	\N	\N	Lifecycle	Test
c3f51f7d-697a-47a9-9c20-6e1fe851503d	androboric@gmail.com	$2b$12$pvNWhhGgyBBQSh7a/WYVjuLiM6kaPts9Ov63Lawp0jE3jSSBRG5UG	employee	f088f945-7ddf-428d-8f00-85047d9bd8c2	\N	\N	t	2025-07-24 15:19:30.844952	2025-07-24 15:21:37.179	\N	\N	Andro 	Bori
3395e452-9139-4da4-b4c2-ecf25a4143a5	androboric@hotmail.com	$2b$10$pnAyv9KvWmd2.dAYAww6nObRyDuAXm5RypvNiQ7M4ERZgVQeTzgPO	manager	f088f945-7ddf-428d-8f00-85047d9bd8c2	44444444-4444-4444-4444-444444444444	\N	f	2025-07-24 15:34:42.804935	2025-07-24 15:34:42.804935	\N	\N	Andro	Boric
aac83903-683d-4381-b8b0-0ba43631d0fb	restart.test@company.com	$2b$10$6SrMkns6ZgZQHHr2YmUBmuyEXa88iLnAJObrWNSzVLBn9P5VcViSG	employee	f088f945-7ddf-428d-8f00-85047d9bd8c2	44444444-4444-4444-4444-444444444444	\N	f	2025-07-24 15:45:36.446731	2025-07-24 15:45:36.446731	\N	\N	Restart	Test
48e0fafc-163b-40ed-96f9-2b6f1a600a99	shakil@alphahealth.one	$2b$10$IIY9zjAN.86y2hxk64ymVO/FMwWS6B3guenQ5VTJTjZ7zASs.ZGT.	super_admin	\N	\N	\N	t	2025-07-24 15:50:58.081585	2025-07-31 14:02:26.153624	\N	\N	Shakil	Ahmed
\.


--
-- Name: __drizzle_migrations_id_seq; Type: SEQUENCE SET; Schema: drizzle; Owner: neondb_owner
--

SELECT pg_catalog.setval('drizzle.__drizzle_migrations_id_seq', 1, true);


--
-- Name: __drizzle_migrations __drizzle_migrations_pkey; Type: CONSTRAINT; Schema: drizzle; Owner: neondb_owner
--

ALTER TABLE ONLY drizzle.__drizzle_migrations
    ADD CONSTRAINT __drizzle_migrations_pkey PRIMARY KEY (id);


--
-- Name: companies companies_domain_unique; Type: CONSTRAINT; Schema: public; Owner: neondb_owner
--

ALTER TABLE ONLY public.companies
    ADD CONSTRAINT companies_domain_unique UNIQUE (domain);


--
-- Name: companies companies_pkey; Type: CONSTRAINT; Schema: public; Owner: neondb_owner
--

ALTER TABLE ONLY public.companies
    ADD CONSTRAINT companies_pkey PRIMARY KEY (id);


--
-- Name: company_subscriptions company_subscriptions_pkey; Type: CONSTRAINT; Schema: public; Owner: neondb_owner
--

ALTER TABLE ONLY public.company_subscriptions
    ADD CONSTRAINT company_subscriptions_pkey PRIMARY KEY (id);


--
-- Name: departments departments_pkey; Type: CONSTRAINT; Schema: public; Owner: neondb_owner
--

ALTER TABLE ONLY public.departments
    ADD CONSTRAINT departments_pkey PRIMARY KEY (id);


--
-- Name: habit_completions habit_completions_pkey; Type: CONSTRAINT; Schema: public; Owner: neondb_owner
--

ALTER TABLE ONLY public.habit_completions
    ADD CONSTRAINT habit_completions_pkey PRIMARY KEY (id);


--
-- Name: habits habits_pkey; Type: CONSTRAINT; Schema: public; Owner: neondb_owner
--

ALTER TABLE ONLY public.habits
    ADD CONSTRAINT habits_pkey PRIMARY KEY (id);


--
-- Name: pending_invitations pending_invitations_invitation_code_unique; Type: CONSTRAINT; Schema: public; Owner: neondb_owner
--

ALTER TABLE ONLY public.pending_invitations
    ADD CONSTRAINT pending_invitations_invitation_code_unique UNIQUE (invitation_code);


--
-- Name: pending_invitations pending_invitations_pkey; Type: CONSTRAINT; Schema: public; Owner: neondb_owner
--

ALTER TABLE ONLY public.pending_invitations
    ADD CONSTRAINT pending_invitations_pkey PRIMARY KEY (id);


--
-- Name: sessions sessions_pkey; Type: CONSTRAINT; Schema: public; Owner: neondb_owner
--

ALTER TABLE ONLY public.sessions
    ADD CONSTRAINT sessions_pkey PRIMARY KEY (id);


--
-- Name: users users_email_unique; Type: CONSTRAINT; Schema: public; Owner: neondb_owner
--

ALTER TABLE ONLY public.users
    ADD CONSTRAINT users_email_unique UNIQUE (email);


--
-- Name: users users_pkey; Type: CONSTRAINT; Schema: public; Owner: neondb_owner
--

ALTER TABLE ONLY public.users
    ADD CONSTRAINT users_pkey PRIMARY KEY (id);


--
-- Name: company_subscriptions company_subscriptions_company_id_companies_id_fk; Type: FK CONSTRAINT; Schema: public; Owner: neondb_owner
--

ALTER TABLE ONLY public.company_subscriptions
    ADD CONSTRAINT company_subscriptions_company_id_companies_id_fk FOREIGN KEY (company_id) REFERENCES public.companies(id);


--
-- Name: departments departments_company_id_companies_id_fk; Type: FK CONSTRAINT; Schema: public; Owner: neondb_owner
--

ALTER TABLE ONLY public.departments
    ADD CONSTRAINT departments_company_id_companies_id_fk FOREIGN KEY (company_id) REFERENCES public.companies(id);


--
-- Name: habit_completions habit_completions_habit_id_habits_id_fk; Type: FK CONSTRAINT; Schema: public; Owner: neondb_owner
--

ALTER TABLE ONLY public.habit_completions
    ADD CONSTRAINT habit_completions_habit_id_habits_id_fk FOREIGN KEY (habit_id) REFERENCES public.habits(id);


--
-- Name: habit_completions habit_completions_user_id_users_id_fk; Type: FK CONSTRAINT; Schema: public; Owner: neondb_owner
--

ALTER TABLE ONLY public.habit_completions
    ADD CONSTRAINT habit_completions_user_id_users_id_fk FOREIGN KEY (user_id) REFERENCES public.users(id);


--
-- Name: habits habits_company_id_companies_id_fk; Type: FK CONSTRAINT; Schema: public; Owner: neondb_owner
--

ALTER TABLE ONLY public.habits
    ADD CONSTRAINT habits_company_id_companies_id_fk FOREIGN KEY (company_id) REFERENCES public.companies(id);


--
-- Name: habits habits_department_id_departments_id_fk; Type: FK CONSTRAINT; Schema: public; Owner: neondb_owner
--

ALTER TABLE ONLY public.habits
    ADD CONSTRAINT habits_department_id_departments_id_fk FOREIGN KEY (department_id) REFERENCES public.departments(id);


--
-- Name: habits habits_user_id_users_id_fk; Type: FK CONSTRAINT; Schema: public; Owner: neondb_owner
--

ALTER TABLE ONLY public.habits
    ADD CONSTRAINT habits_user_id_users_id_fk FOREIGN KEY (user_id) REFERENCES public.users(id);


--
-- Name: pending_invitations pending_invitations_company_id_companies_id_fk; Type: FK CONSTRAINT; Schema: public; Owner: neondb_owner
--

ALTER TABLE ONLY public.pending_invitations
    ADD CONSTRAINT pending_invitations_company_id_companies_id_fk FOREIGN KEY (company_id) REFERENCES public.companies(id);


--
-- Name: pending_invitations pending_invitations_department_id_departments_id_fk; Type: FK CONSTRAINT; Schema: public; Owner: neondb_owner
--

ALTER TABLE ONLY public.pending_invitations
    ADD CONSTRAINT pending_invitations_department_id_departments_id_fk FOREIGN KEY (department_id) REFERENCES public.departments(id);


--
-- Name: pending_invitations pending_invitations_invited_by_users_id_fk; Type: FK CONSTRAINT; Schema: public; Owner: neondb_owner
--

ALTER TABLE ONLY public.pending_invitations
    ADD CONSTRAINT pending_invitations_invited_by_users_id_fk FOREIGN KEY (invited_by) REFERENCES public.users(id);


--
-- Name: pending_invitations pending_invitations_manager_id_users_id_fk; Type: FK CONSTRAINT; Schema: public; Owner: neondb_owner
--

ALTER TABLE ONLY public.pending_invitations
    ADD CONSTRAINT pending_invitations_manager_id_users_id_fk FOREIGN KEY (manager_id) REFERENCES public.users(id);


--
-- Name: pending_invitations pending_invitations_used_by_users_id_fk; Type: FK CONSTRAINT; Schema: public; Owner: neondb_owner
--

ALTER TABLE ONLY public.pending_invitations
    ADD CONSTRAINT pending_invitations_used_by_users_id_fk FOREIGN KEY (used_by) REFERENCES public.users(id);


--
-- Name: sessions sessions_user_id_users_id_fk; Type: FK CONSTRAINT; Schema: public; Owner: neondb_owner
--

ALTER TABLE ONLY public.sessions
    ADD CONSTRAINT sessions_user_id_users_id_fk FOREIGN KEY (user_id) REFERENCES public.users(id);


--
-- Name: users users_company_id_companies_id_fk; Type: FK CONSTRAINT; Schema: public; Owner: neondb_owner
--

ALTER TABLE ONLY public.users
    ADD CONSTRAINT users_company_id_companies_id_fk FOREIGN KEY (company_id) REFERENCES public.companies(id);


--
-- Name: users users_department_id_departments_id_fk; Type: FK CONSTRAINT; Schema: public; Owner: neondb_owner
--

ALTER TABLE ONLY public.users
    ADD CONSTRAINT users_department_id_departments_id_fk FOREIGN KEY (department_id) REFERENCES public.departments(id);


--
-- Name: users users_manager_id_users_id_fk; Type: FK CONSTRAINT; Schema: public; Owner: neondb_owner
--

ALTER TABLE ONLY public.users
    ADD CONSTRAINT users_manager_id_users_id_fk FOREIGN KEY (manager_id) REFERENCES public.users(id);


--
-- Name: DEFAULT PRIVILEGES FOR SEQUENCES; Type: DEFAULT ACL; Schema: public; Owner: cloud_admin
--

ALTER DEFAULT PRIVILEGES FOR ROLE cloud_admin IN SCHEMA public GRANT ALL ON SEQUENCES TO neon_superuser WITH GRANT OPTION;


--
-- Name: DEFAULT PRIVILEGES FOR TABLES; Type: DEFAULT ACL; Schema: public; Owner: cloud_admin
--

ALTER DEFAULT PRIVILEGES FOR ROLE cloud_admin IN SCHEMA public GRANT ALL ON TABLES TO neon_superuser WITH GRANT OPTION;


--
-- PostgreSQL database dump complete
--

